station_id,latitude,longitude,geometry,TRACTCE,pop_den,male_ratio,housing_unit_den,LU_diversity,bike_density,start_ridership,end_ridership
31100.0,38.900288516366665,-77.04290151498334,POINT (-77.04290151498334 38.90028851636666),010700,0.0016150957617195386,0.4673611111111111,0.001529854596517674,1.4102079047824059,0.519471628637982,298.0,278.0
31101.0,38.91776604521078,-77.0320827701709,POINT (-77.0320827701709 38.91776604521078),004300,0.014013874453936306,0.44045824540247214,0.010088975639433192,2.515273963689735,0.40619223392199705,1280.0,1608.0
31102.0,38.92946313339121,-77.02782140873842,POINT (-77.02782140873842 38.92946313339121),003000,0.013169638618279876,0.40915645277577506,0.007600789988416035,1.9143950994679075,0.22933929486962407,689.0,405.0
31104.0,38.92286480915612,-77.04251684149087,POINT (-77.04251684149087 38.92286480915612),003901,0.017918237170194258,0.4059177068885807,0.01495257424512281,2.0410131942162537,0.24904217602888948,842.0,676.0
31105.0,38.92679209829671,-77.0322025645055,POINT (-77.0322025645055 38.92679209829671),003000,0.013169638618279876,0.40915645277577506,0.007600789988416035,1.9143950994679075,0.22933929486962407,352.0,208.0
31106.0,38.92320109192118,-77.0476411242857,POINT (-77.0476411242857 38.92320109192118),004001,0.01480978611776252,0.5408570004982561,0.008921291189025852,1.8081392257242488,0.2308374521626709,220.0,155.0
31107.0,38.93190980396608,-77.0387907413974,POINT (-77.03879074139741 38.93190980396608),002702,0.009730242034812597,0.5269255524565544,0.004870339984384851,1.6174912056289341,0.2403052263150878,908.0,628.0
31108.0,38.87669749461344,-77.01789637325417,POINT (-77.01789637325417 38.87669749461344),010201,0.01151048695135061,0.5519125683060109,0.010572722490336452,1.893704106431458,0.1787669584351267,1312.0,1376.0
31109.0,38.91568766929096,-77.02169998046455,POINT (-77.02169998046455 38.91568766929096),004801,0.00844834217046737,0.582089552238806,0.00436602757690198,2.4240867153090444,0.32966347451423206,711.0,726.0
31110.0,38.91540188873466,-77.04459980676566,POINT (-77.04459980676566 38.91540188873466),004002,0.014402711098559728,0.39001782531194296,0.011814844291545789,1.7100327495589982,0.29362479228767446,866.0,855.0
31111.0,38.91719815457181,-77.02590071540185,POINT (-77.02590071540185 38.91719815457181),004401,0.0102918244597906,0.5391578118850846,0.007116385508009478,2.1698365810707765,0.36145992382194325,589.0,605.0
31112.0,38.92787371644359,-77.04335089869981,POINT (-77.04335089869981 38.92787371644359),003902,0.0067689005789586245,0.5288248337028825,0.005027897325834012,1.853276573291621,0.20374944647734392,192.0,189.0
31113.0,38.920666721510784,-77.04367488157374,POINT (-77.04367488157374 38.92066672151078),004002,0.014402711098559728,0.39001782531194296,0.011814844291545789,1.7100327495589982,0.29362479228767446,750.0,372.0
31114.0,38.91880522982117,-77.0415693340696,POINT (-77.04156933406961 38.91880522982117),003801,0.008984207133648475,0.44170403587443946,0.007036957455951869,1.9819257391843883,0.3145592417455573,823.0,640.0
31115.0,38.92811850819655,-77.0237892499352,POINT (-77.02378924993521 38.92811850819655),003100,0.009571489695740502,0.4910242872228089,0.005612848234109002,1.9824004846664478,0.2650641634463298,706.0,412.0
31116.0,38.91776013499454,-77.04062401637555,POINT (-77.04062401637555 38.91776013499454),003801,0.008984207133648475,0.44170403587443946,0.007036957455951869,1.9819257391843883,0.3145592417455573,665.0,710.0
31117.0,38.9233433836381,-77.03518867082857,POINT (-77.03518867082857 38.9233433836381),003701,0.011600323999074288,0.5251870324189526,0.009563758389261745,1.837241323739964,0.3140891709757074,989.0,563.0
31118.0,38.91762215098419,-77.01596658378733,POINT (-77.01596658378733 38.91762215098419),003400,0.004884481786324768,0.38207547169811323,0.0013988576544393708,1.9425792290653319,0.3163886727403616,496.0,457.0
31119.0,38.92107113475591,-77.03187165050296,POINT (-77.03187165050296 38.92107113475591),003600,0.012895267263494058,0.4384673940624207,0.0069891628710538715,1.8150269858396293,0.3258178912344891,827.0,707.0
31120.0,38.92038573371951,-77.0256694631533,POINT (-77.02566946315331 38.92038573371951),003500,0.01057533486379021,0.4547029702970297,0.004057368573978918,2.6652311069667003,0.3378590148490521,424.0,400.0
31121.0,38.92358277391802,-77.0500479021449,POINT (-77.0500479021449 38.92358277391802),000501,0.003048128740365584,0.4612700628053036,0.0025791040458431756,1.700205476149904,0.18543193065964111,493.0,486.0
31122.0,38.92888545114955,-77.03624545318414,POINT (-77.03624545318414 38.92888545114955),002802,0.013409027584285317,0.45454545454545453,0.011201762329339648,2.1449649298540345,0.23399058849772178,468.0,339.0
31123.0,38.925284947754776,-77.03237043148089,POINT (-77.03237043148089 38.92528494775478),003702,0.015418465348191279,0.3667932718393923,0.011653783087374091,1.9010845179771476,0.2519979497333924,562.0,266.0
31124.0,38.9285777690227,-77.03222823005044,POINT (-77.03222823005044 38.9285777690227),003000,0.013169638618279876,0.40915645277577506,0.007600789988416035,1.9143950994679075,0.22933929486962407,1428.0,900.0
31125.0,38.919019011676646,-77.03445162513587,POINT (-77.03445162513587 38.91901901167665),004300,0.014013874453936306,0.44045824540247214,0.010088975639433192,2.515273963689735,0.40619223392199705,939.0,1015.0
31126.0,38.925632786359486,-77.02710808650548,POINT (-77.02710808650548 38.92563278635949),003600,0.012895267263494058,0.4384673940624207,0.0069891628710538715,1.8150269858396293,0.3258178912344891,813.0,580.0
31127.0,38.89893070150537,-77.04885086653763,POINT (-77.04885086653763 38.89893070150537),010800,0.008180416578493908,0.4312638580931264,0.0017715166722089544,2.0207762373463063,0.26205629375039424,495.0,503.0
31128.0,38.90530258419267,-77.05026438726327,POINT (-77.05026438726327 38.90530258419267),005501,0.009529648131399887,0.6484076433121019,0.008315680216571876,1.9300963557419943,0.2162733982876906,680.0,948.0
31129.0,38.89645956841642,-77.03337804369501,POINT (-77.03337804369501 38.89645956841642),005802,0.002392716062406958,0.5529699938763013,0.0023912508351795194,1.7917441479971452,0.4352214136139104,526.0,610.0
31130.0,38.91417389051142,-77.02159376437442,POINT (-77.02159376437442 38.91417389051142),004801,0.00844834217046737,0.582089552238806,0.00436602757690198,2.4240867153090444,0.32966347451423206,403.0,408.0
31131.0,38.93439108299807,-77.03269113493229,POINT (-77.03269113493229 38.93439108299807),002900,0.010983528034274461,0.5124167171411266,0.0056447750073179166,1.5569921002486886,0.23055333138613185,425.0,255.0
31132.0,38.91691949957789,-77.02963032591713,POINT (-77.02963032591713 38.91691949957789),004402,0.008094749332110386,0.4802158273381295,0.003970940432253791,2.462944703987125,0.39290512572482766,,
31133.0,38.91805213911061,-77.04546694542758,POINT (-77.04546694542758 38.91805213911061),004001,0.01480978611776252,0.5408570004982561,0.008921291189025852,1.8081392257242488,0.2308374521626709,,
31134.0,38.917726351496846,-77.02268727879171,POINT (-77.02268727879171 38.91772635149685),003500,0.01057533486379021,0.4547029702970297,0.004057368573978918,2.6652311069667003,0.3378590148490521,,
31135.0,38.92610601470911,-77.03665382472009,POINT (-77.03665382472009 38.92610601470911),003802,0.01246705858503953,0.5749128919860628,0.009035359532014712,2.4560259444173753,0.3068264428945482,,
31136.0,38.92230559237785,-77.02708789581433,POINT (-77.02708789581433 38.92230559237785),003600,0.012895267263494058,0.4384673940624207,0.0069891628710538715,1.8150269858396293,0.3258178912344891,,
31137.0,38.93714371055156,-77.01911799280576,POINT (-77.01911799280576 38.93714371055156),002302,0.0007026620598292128,0.554140127388535,0.0005345801233661739,0.8807632761137902,0.28654434011841845,,
31138.0,38.92122430784,-77.0181342588,POINT (-77.0181342588 38.92122430784),003400,0.004884481786324768,0.38207547169811323,0.0013988576544393708,1.9425792290653319,0.3163886727403616,,
31200.0,38.91010276338776,-77.04439437680891,POINT (-77.04439437680891 38.91010276338776),005502,0.009231920159807722,0.4711206896551724,0.006705079943653453,2.6044056633589037,0.24817796917659876,1011.0,1364.0
31201.0,38.90980354081174,-77.03442477238917,POINT (-77.03442477238917 38.90980354081174),005202,0.010637779546229678,0.5595419847328245,0.008412778328163319,2.3843691276544683,0.4799449161684918,1693.0,1986.0
31202.0,38.91304140326015,-77.03199597976389,POINT (-77.03199597976389 38.91304140326015),005202,0.010637779546229678,0.5595419847328245,0.008412778328163319,2.3843691276544683,0.4799449161684918,,
31203.0,38.90859789247971,-77.03230426292606,POINT (-77.03230426292606 38.90859789247971),005203,0.026696924608484357,0.37610264635124296,0.02706087626714052,1.891087583582326,0.4128195531981633,1007.0,1173.0
31204.0,38.89629472163265,-77.04499179307197,POINT (-77.04499179307197 38.89629472163265),010800,0.008180416578493908,0.4312638580931264,0.0017715166722089544,2.0207762373463063,0.26205629375039424,504.0,457.0
31205.0,38.90071257114754,-77.04644154043109,POINT (-77.04644154043109 38.90071257114754),010800,0.008180416578493908,0.4312638580931264,0.0017715166722089544,2.0207762373463063,0.26205629375039424,569.0,768.0
31206.0,38.8951953125,-77.04361397697369,POINT (-77.04361397697369 38.8951953125),010800,0.008180416578493908,0.4312638580931264,0.0017715166722089544,2.0207762373463063,0.26205629375039424,136.0,146.0
31207.0,38.92478535973837,-77.02232115770349,POINT (-77.02232115770349 38.92478535973837),003400,0.004884481786324768,0.38207547169811323,0.0013988576544393708,1.9425792290653319,0.3163886727403616,200.0,201.0
31208.0,38.87631069114666,-77.00370025912,POINT (-77.00370025912 38.87631069114666),007201,0.0018235168409778146,0.5614035087719298,0.0015125592323058082,1.838150409184653,0.2640618976210794,319.0,400.0
31209.0,38.87475319338658,-77.00576858105431,POINT (-77.00576858105431 38.87475319338658),007201,0.0018235168409778146,0.5614035087719298,0.0015125592323058082,1.838150409184653,0.2640618976210794,258.0,339.0
31211.0,38.89729554544716,-77.05556480146342,POINT (-77.05556480146342 38.89729554544716),980000,1.9956317156844987e-06,1.0,4.60530395927192e-07,1.5852178584842582,1.0,286.0,315.0
31212.0,38.90571344254195,-77.04731087903751,POINT (-77.04731087903751 38.90571344254195),005501,0.009529648131399887,0.6484076433121019,0.008315680216571876,1.9300963557419943,0.2162733982876906,839.0,996.0
31213.0,38.90275594108738,-77.03862319062137,POINT (-77.03862319062137 38.90275594108738),010700,0.0016150957617195386,0.4673611111111111,0.001529854596517674,1.4102079047824059,0.519471628637982,665.0,816.0
31214.0,38.9120975665798,-77.03869216109354,POINT (-77.03869216109354 38.9120975665798),005302,0.016721213924427252,0.5556685307574988,0.014544990861563311,1.9821871973620933,0.3644503732070572,1062.0,1112.0
31215.0,38.902312974,-77.05913688204,POINT (-77.05913688203999 38.902312974),000102,0.0015728245913820464,0.5134128166915052,0.0011678984391298131,2.7149391963327445,0.2007196673040186,434.0,739.0
31216.0,38.89962921708527,-77.03168667804651,POINT (-77.03168667804651 38.89962921708527),010100,0.003817136543342023,0.459520578923564,0.0032266975122144915,1.4225786410350807,0.5628623070037742,350.0,434.0
31217.0,38.88628263946535,-77.02824300213862,POINT (-77.02824300213862 38.88628263946535),010202,0.0013034384031851024,0.36872309899569583,0.0008751925002734977,2.060835397491518,0.236875187069503,314.0,384.0
31218.0,38.88626602341324,-77.02224446022831,POINT (-77.02224446022831 38.88626602341324),010202,0.0013034384031851024,0.36872309899569583,0.0008751925002734977,2.060835397491518,0.236875187069503,441.0,440.0
31219.0,38.8930246071519,-77.02601162382122,POINT (-77.02601162382122 38.8930246071519),980000,1.9956317156844987e-06,1.0,4.60530395927192e-07,1.5852178584842582,1.0,313.0,415.0
31220.0,38.894903026888045,-77.04658589880455,POINT (-77.04658589880455 38.89490302688804),980000,1.9956317156844987e-06,1.0,4.60530395927192e-07,1.5852178584842582,1.0,318.0,328.0
31221.0,38.90505806892384,-77.04177208372516,POINT (-77.04177208372516 38.90505806892384),010700,0.0016150957617195386,0.4673611111111111,0.001529854596517674,1.4102079047824059,0.519471628637982,550.0,721.0
31222.0,38.899026483762,-77.03334881709213,POINT (-77.03334881709213 38.899026483762),010100,0.003817136543342023,0.459520578923564,0.0032266975122144915,1.4225786410350807,0.5628623070037742,485.0,531.0
31223.0,38.905733011094654,-77.02226570162964,POINT (-77.02226570162964 38.90573301109465),004902,0.010978516668624635,0.453572661373835,0.007132056738126186,2.562697512773273,0.4347174405104145,815.0,789.0
31224.0,38.90373645678299,-77.04245170058888,POINT (-77.04245170058888 38.90373645678299),010700,0.0016150957617195386,0.4673611111111111,0.001529854596517674,1.4102079047824059,0.519471628637982,318.0,349.0
31225.0,38.90374442381466,-77.06269308052802,POINT (-77.06269308052802 38.90374442381466),000102,0.0015728245913820464,0.5134128166915052,0.0011678984391298131,2.7149391963327445,0.2007196673040186,419.0,445.0
31226.0,38.91645535805601,-77.06820442199341,POINT (-77.06820442199341 38.91645535805601),000102,0.0015728245913820464,0.5134128166915052,0.0011678984391298131,2.7149391963327445,0.2007196673040186,325.0,260.0
31227.0,38.90028262669189,-77.02982893353514,POINT (-77.02982893353514 38.90028262669189),010100,0.003817136543342023,0.459520578923564,0.0032266975122144915,1.4225786410350807,0.5628623070037742,419.0,654.0
31228.0,38.89969774043504,-77.02308258413288,POINT (-77.02308258413288 38.89969774043504),005802,0.002392716062406958,0.5529699938763013,0.0023912508351795194,1.7917441479971452,0.4352214136139104,736.0,1019.0
31229.0,38.915547062802105,-77.03825285353182,POINT (-77.03825285353182 38.9155470628021),004201,0.015601699514494277,0.5355687872140394,0.010673303052378881,1.9109934962798305,0.36439752390277913,1692.0,1374.0
31230.0,38.89832408023205,-77.0279426393401,POINT (-77.0279426393401 38.89832408023205),005802,0.002392716062406958,0.5529699938763013,0.0023912508351795194,1.7917441479971452,0.4352214136139104,706.0,955.0
31231.0,38.89451680378826,-77.03162146957908,POINT (-77.03162146957908 38.89451680378826),980000,1.9956317156844987e-06,1.0,4.60530395927192e-07,1.5852178584842582,1.0,398.0,560.0
31232.0,38.89728876275333,-77.0221961512129,POINT (-77.0221961512129 38.89728876275333),005802,0.002392716062406958,0.5529699938763013,0.0023912508351795194,1.7917441479971452,0.4352214136139104,720.0,836.0
31233.0,38.90206646074615,-77.03833684818329,POINT (-77.03833684818329 38.90206646074615),010700,0.0016150957617195386,0.4673611111111111,0.001529854596517674,1.4102079047824059,0.519471628637982,461.0,794.0
31234.0,38.90889653629418,-77.04479153506841,POINT (-77.04479153506841 38.90889653629418),005502,0.009231920159807722,0.4711206896551724,0.006705079943653453,2.6044056633589037,0.24817796917659876,648.0,818.0
31235.0,38.89221547514018,-77.04307399672898,POINT (-77.04307399672898 38.89221547514018),980000,1.9956317156844987e-06,1.0,4.60530395927192e-07,1.5852178584842582,1.0,374.0,395.0
31236.0,38.90775783321663,-77.07164737347192,POINT (-77.07164737347192 38.90775783321663),000201,0.006825688509397946,0.4354511169132579,0.0,1.3651109575671487,0.0446009929131769,438.0,359.0
31237.0,38.903827482204086,-77.0534836192585,POINT (-77.0534836192585 38.90382748220409),005503,0.008193570765639502,0.40446224256292906,0.007818578968585062,1.546299263621647,0.21740086164624464,708.0,706.0
31238.0,38.89815057536373,-77.0319097302823,POINT (-77.03190973028229 38.89815057536373),005802,0.002392716062406958,0.5529699938763013,0.0023912508351795194,1.7917441479971452,0.4352214136139104,410.0,438.0
31239.0,38.90599196748045,-77.03981874461337,POINT (-77.03981874461337 38.90599196748045),010700,0.0016150957617195386,0.4673611111111111,0.001529854596517674,1.4102079047824059,0.519471628637982,550.0,623.0
31240.0,38.88411573937556,-77.04656525288136,POINT (-77.04656525288136 38.88411573937556),980000,1.9956317156844987e-06,1.0,4.60530395927192e-07,1.5852178584842582,1.0,687.0,662.0
31241.0,38.90589805335653,-77.03250174214669,POINT (-77.03250174214669 38.90589805335653),005203,0.026696924608484357,0.37610264635124296,0.02706087626714052,1.891087583582326,0.4128195531981633,1222.0,1102.0
31242.0,38.89966966089005,-77.04154883716231,POINT (-77.04154883716231 38.89966966089005),010700,0.0016150957617195386,0.4673611111111111,0.001529854596517674,1.4102079047824059,0.519471628637982,558.0,591.0
31243.0,38.886371839153554,-77.01768992411985,POINT (-77.01768992411985 38.88637183915355),010202,0.0013034384031851024,0.36872309899569583,0.0008751925002734977,2.060835397491518,0.236875187069503,494.0,648.0
31244.0,38.88411386392288,-77.01745358779255,POINT (-77.01745358779255 38.88411386392288),010500,0.004283289171359571,0.5277085927770859,0.0030231060247422627,2.1362757281849234,0.3057111981434124,563.0,589.0
31245.0,38.91271860545024,-77.0221860513586,POINT (-77.0221860513586 38.91271860545024),004901,0.010924499569640925,0.5040404040404041,0.007117476992341816,2.780653193066044,0.3859135503927312,528.0,539.0
31246.0,38.90512639168894,-77.05688595235168,POINT (-77.05688595235168 38.90512639168894),000102,0.0015728245913820464,0.5134128166915052,0.0011678984391298131,2.7149391963327445,0.2007196673040186,643.0,853.0
31247.0,38.88855343314657,-77.0324265583154,POINT (-77.03242655831539 38.88855343314657),980000,1.9956317156844987e-06,1.0,4.60530395927192e-07,1.5852178584842582,1.0,1514.0,1564.0
31248.0,38.88877439651515,-77.0286939344234,POINT (-77.0286939344234 38.88877439651515),980000,1.9956317156844987e-06,1.0,4.60530395927192e-07,1.5852178584842582,1.0,1478.0,1581.0
31249.0,38.879818880924255,-77.0374143637804,POINT (-77.0374143637804 38.87981888092425),980000,1.9956317156844987e-06,1.0,4.60530395927192e-07,1.5852178584842582,1.0,869.0,954.0
31250.0,38.90357274520462,-77.0448044358342,POINT (-77.04480443583419 38.90357274520462),010700,0.0016150957617195386,0.4673611111111111,0.001529854596517674,1.4102079047824059,0.519471628637982,393.0,397.0
31251.0,38.903814215242186,-77.02840263111719,POINT (-77.02840263111719 38.90381421524219),010100,0.003817136543342023,0.459520578923564,0.0032266975122144915,1.4225786410350807,0.5628623070037742,622.0,643.0
31252.0,38.901534450360906,-77.0465775115188,POINT (-77.04657751151881 38.90153445036091),010700,0.0016150957617195386,0.4673611111111111,0.001529854596517674,1.4102079047824059,0.519471628637982,361.0,397.0
31253.0,38.90219637082812,-77.04338505232812,POINT (-77.04338505232812 38.90219637082812),010700,0.0016150957617195386,0.4673611111111111,0.001529854596517674,1.4102079047824059,0.519471628637982,315.0,321.0
31254.0,38.90200049782722,-77.03354372229057,POINT (-77.03354372229057 38.90200049782722),010100,0.003817136543342023,0.459520578923564,0.0032266975122144915,1.4225786410350807,0.5628623070037742,443.0,499.0
31255.0,38.90659793288575,-77.05150235787985,POINT (-77.05150235787985 38.90659793288575),005503,0.008193570765639502,0.40446224256292906,0.007818578968585062,1.546299263621647,0.21740086164624464,335.0,419.0
31256.0,38.895913840828825,-77.02605216081082,POINT (-77.02605216081082 38.89591384082883),005802,0.002392716062406958,0.5529699938763013,0.0023912508351795194,1.7917441479971452,0.4352214136139104,376.0,418.0
31257.0,38.90088549449776,-77.04890167403711,POINT (-77.04890167403711 38.90088549449776),010800,0.008180416578493908,0.4312638580931264,0.0017715166722089544,2.0207762373463063,0.26205629375039424,792.0,784.0
31258.0,38.8882556454717,-77.04943658473324,POINT (-77.04943658473324 38.8882556454717),980000,1.9956317156844987e-06,1.0,4.60530395927192e-07,1.5852178584842582,1.0,1652.0,1493.0
31259.0,38.89472521,-77.04512671996491,POINT (-77.04512671996491 38.89472521),010800,0.008180416578493908,0.4312638580931264,0.0017715166722089544,2.0207762373463063,0.26205629375039424,159.0,165.0
31260.0,38.89610439263158,-77.04986961520775,POINT (-77.04986961520775 38.89610439263158),010800,0.008180416578493908,0.4312638580931264,0.0017715166722089544,2.0207762373463063,0.26205629375039424,406.0,419.0
31261.0,38.893888,-77.044393,POINT (-77.044393 38.893888),980000,1.9956317156844987e-06,1.0,4.60530395927192e-07,1.5852178584842582,1.0,342.0,327.0
31262.0,38.89783977857143,-77.02699785443413,POINT (-77.02699785443413 38.89783977857143),005802,0.002392716062406958,0.5529699938763013,0.0023912508351795194,1.7917441479971452,0.4352214136139104,250.0,282.0
31263.0,38.90240687089021,-77.0262227313724,POINT (-77.0262227313724 38.90240687089021),010100,0.003817136543342023,0.459520578923564,0.0032266975122144915,1.4225786410350807,0.5628623070037742,645.0,699.0
31264.0,38.8945731469581,-77.0199428790164,POINT (-77.0199428790164 38.8945731469581),005801,0.007057278140038033,0.38929440389294406,0.006181557494923825,1.6200350534241381,0.32211458823898736,409.0,440.0
31265.0,38.90092864439385,-77.0186786789477,POINT (-77.01867867894769 38.90092864439385),005900,0.003456423979700713,0.551599819738621,0.002281956345318407,1.8221843880522148,0.42595077083714566,983.0,990.0
31266.0,38.90558008343932,-77.02731243962384,POINT (-77.02731243962384 38.90558008343932),005004,0.02292603872698315,0.5978062157221207,0.01580094442426444,1.7024808791504877,0.4455392871621579,1157.0,1026.0
31267.0,38.90814256816228,-77.03836489743149,POINT (-77.03836489743149 38.90814256816228),005303,0.013254803903560488,0.4760840411265087,0.012988167258205003,2.0545701794925746,0.39129606181381404,780.0,749.0
31268.0,38.91678428480998,-77.02813652236341,POINT (-77.02813652236341 38.91678428480998),004402,0.008094749332110386,0.4802158273381295,0.003970940432253791,2.462944703987125,0.39290512572482766,795.0,943.0
31269.0,38.88737544448145,-77.00195738745647,POINT (-77.00195738745647 38.88737544448145),006600,0.006000224438552932,0.48451198129748685,0.0039346883810966625,2.1837000967325007,0.4096567159021134,549.0,519.0
31270.0,38.89484669255761,-77.02323722503456,POINT (-77.02323722503456 38.89484669255761),005802,0.002392716062406958,0.5529699938763013,0.0023912508351795194,1.7917441479971452,0.4352214136139104,391.0,540.0
31271.0,38.89227423654627,-77.01391382515426,POINT (-77.01391382515426 38.89227423654627),005900,0.003456423979700713,0.551599819738621,0.002281956345318407,1.8221843880522148,0.42595077083714566,690.0,722.0
31272.0,38.886981582202,-77.0137679945496,POINT (-77.0137679945496 38.886981582202),010500,0.004283289171359571,0.5277085927770859,0.0030231060247422627,2.1362757281849234,0.3057111981434124,575.0,760.0
31273.0,38.87843442913726,-77.03023119639217,POINT (-77.03023119639217 38.87843442913726),980000,1.9956317156844987e-06,1.0,4.60530395927192e-07,1.5852178584842582,1.0,448.0,449.0
31274.0,38.898249679407584,-77.02623475731042,POINT (-77.02623475731042 38.89824967940758),005802,0.002392716062406958,0.5529699938763013,0.0023912508351795194,1.7917441479971452,0.4352214136139104,258.0,438.0
31275.0,38.90175101171779,-77.05108253809135,POINT (-77.05108253809135 38.90175101171779),005601,0.010954675703824423,0.5566502463054187,0.01130004479005337,2.238443805167728,0.1687463612047966,604.0,625.0
31276.0,38.90366360287327,-77.03491612065245,POINT (-77.03491612065245 38.90366360287327),010100,0.003817136543342023,0.459520578923564,0.0032266975122144915,1.4225786410350807,0.5628623070037742,468.0,451.0
31277.0,38.89829025169504,-77.03973433986525,POINT (-77.03973433986525 38.89829025169504),010800,0.008180416578493908,0.4312638580931264,0.0017715166722089544,2.0207762373463063,0.26205629375039424,565.0,693.0
31278.0,38.91264642546149,-77.0418380523633,POINT (-77.0418380523633 38.91264642546149),004202,0.010580507209385203,0.5498406918525262,0.007493522629860435,2.3496406525869866,0.3360780231743476,822.0,878.0
31279.0,38.89840642736613,-77.0431889703618,POINT (-77.0431889703618 38.89840642736613),010800,0.008180416578493908,0.4312638580931264,0.0017715166722089544,2.0207762373463063,0.26205629375039424,414.0,421.0
31280.0,38.913756459944665,-77.02703157099604,POINT (-77.02703157099604 38.91375645994466),004901,0.010924499569640925,0.5040404040404041,0.007117476992341816,2.780653193066044,0.3859135503927312,696.0,648.0
31281.0,38.90863746501813,-77.02277550199454,POINT (-77.02277550199454 38.90863746501813),004901,0.010924499569640925,0.5040404040404041,0.007117476992341816,2.780653193066044,0.3859135503927312,1144.0,1134.0
31282.0,38.91265367708968,-77.0362774310406,POINT (-77.0362774310406 38.91265367708968),005202,0.010637779546229678,0.5595419847328245,0.008412778328163319,2.3843691276544683,0.4799449161684918,684.0,709.0
31283.0,38.90366394985755,-77.0317353434568,POINT (-77.0317353434568 38.90366394985755),010100,0.003817136543342023,0.459520578923564,0.0032266975122144915,1.4225786410350807,0.5628623070037742,498.0,563.0
31284.0,38.89351316956772,-77.04154176556196,POINT (-77.04154176556196 38.89351316956772),010800,0.008180416578493908,0.4312638580931264,0.0017715166722089544,2.0207762373463063,0.26205629375039424,267.0,271.0
31285.0,38.9093909938783,-77.04872704763196,POINT (-77.04872704763196 38.9093909938783),005502,0.009231920159807722,0.4711206896551724,0.006705079943653453,2.6044056633589037,0.24817796917659876,605.0,685.0
31286.0,38.90842922084746,-77.0271375590601,POINT (-77.02713755906009 38.90842922084746),005004,0.02292603872698315,0.5978062157221207,0.01580094442426444,1.7024808791504877,0.4455392871621579,687.0,607.0
31287.0,38.88432552536036,-77.02600449157657,POINT (-77.02600449157657 38.88432552536036),010202,0.0013034384031851024,0.36872309899569583,0.0008751925002734977,2.060835397491518,0.236875187069503,383.0,365.0
31288.0,38.890495432181815,-77.01724744795152,POINT (-77.01724744795152 38.89049543218182),980000,1.9956317156844987e-06,1.0,4.60530395927192e-07,1.5852178584842582,1.0,1481.0,1475.0
31289.0,38.89053892954847,-77.04938240378486,POINT (-77.04938240378486 38.89053892954847),980000,1.9956317156844987e-06,1.0,4.60530395927192e-07,1.5852178584842582,1.0,1171.0,1162.0
31290.0,38.88809750631621,-77.03832555295652,POINT (-77.03832555295652 38.88809750631621),980000,1.9956317156844987e-06,1.0,4.60530395927192e-07,1.5852178584842582,1.0,1080.0,1050.0
31291.0,38.90113983771722,-77.03445446806478,POINT (-77.03445446806478 38.90113983771722),010100,0.003817136543342023,0.459520578923564,0.0032266975122144915,1.4225786410350807,0.5628623070037742,564.0,771.0
31292.0,38.8924396745098,-77.04894544084313,POINT (-77.04894544084313 38.8924396745098),980000,1.9956317156844987e-06,1.0,4.60530395927192e-07,1.5852178584842582,1.0,454.0,481.0
31293.0,38.90282216495813,-77.06015900221105,POINT (-77.06015900221105 38.90282216495813),000102,0.0015728245913820464,0.5134128166915052,0.0011678984391298131,2.7149391963327445,0.2007196673040186,249.0,440.0
31294.0,38.88345041957778,-77.02173834817778,POINT (-77.02173834817778 38.88345041957778),010202,0.0013034384031851024,0.36872309899569583,0.0008751925002734977,2.060835397491518,0.236875187069503,228.0,234.0
31295.0,38.90551208144558,-77.06524065772109,POINT (-77.06524065772109 38.90551208144558),000202,0.005131144268354724,0.4314759036144578,0.0024238989741575275,2.4280843724560617,0.06343121375833728,354.0,467.0
31296.0,38.92408974426047,-77.0407671688547,POINT (-77.0407671688547 38.92408974426047),003901,0.017918237170194258,0.4059177068885807,0.01495257424512281,2.0410131942162537,0.24904217602888948,909.0,616.0
31297.0,38.89846120057457,-77.05305108295845,POINT (-77.05305108295845 38.89846120057457),980000,1.9956317156844987e-06,1.0,4.60530395927192e-07,1.5852178584842582,1.0,225.0,242.0
31298.0,38.90541784919152,-77.03465562822605,POINT (-77.03465562822605 38.90541784919152),010100,0.003817136543342023,0.459520578923564,0.0032266975122144915,1.4225786410350807,0.5628623070037742,764.0,811.0
31299.0,38.9126428281551,-77.04563965672654,POINT (-77.04563965672654 38.9126428281551),005502,0.009231920159807722,0.4711206896551724,0.006705079943653453,2.6044056633589037,0.24817796917659876,696.0,758.0
31300.0,38.944549378746174,-77.06389381801223,POINT (-77.06389381801223 38.94454937874617),001200,0.0032291560723225975,0.47853695707391414,0.002115314582301239,1.775440248231874,0.07836178411360203,222.0,196.0
31301.0,38.938737467652174,-77.08717521257971,POINT (-77.08717521257971 38.93873746765217),000903,0.0038325570169625935,0.4343547933651954,0.0003835789423780386,1.349478985089709,0.021726555232141793,113.0,70.0
31302.0,38.93489719929245,-77.07275890643868,POINT (-77.07275890643868 38.93489719929245),001002,0.002734562031735756,0.44471845458281956,0.002453575386469032,2.049381239340727,0.09279872921739561,466.0,278.0
31303.0,38.947600191528295,-77.07937413333961,POINT (-77.07937413333961 38.94760019152829),001100,0.0021924671219395817,0.40778019586507075,0.0013145259893239496,1.8526767002622169,0.03410220828969623,259.0,165.0
31304.0,38.92258183207317,-77.07032833272358,POINT (-77.07032833272358 38.92258183207317),000400,0.0007195509586767529,0.39945897204688907,0.00047040076198435153,1.7441172685654358,0.10684393548046733,233.0,141.0
31305.0,38.93363677218876,-77.0575459433735,POINT (-77.0575459433735 38.93363677218876),000600,0.0025307501048988635,0.45519320361742943,0.0014918178886372858,1.9576371639282582,0.1342477851745189,312.0,313.0
31306.0,38.92264149382857,-77.0772479234,POINT (-77.07724792339999 38.92264149382857),000702,0.00803322037628614,0.4290894439967768,0.007518602310279092,1.6112507601146417,0.04166290350601224,395.0,157.0
31307.0,38.93029691673267,-77.05560579366336,POINT (-77.05560579366336 38.93029691673267),000502,0.004711895127659684,0.46277372262773725,0.0029870663637755006,1.88173786241523,0.14043883675761648,377.0,266.0
31308.0,38.94383664794979,-77.07707466799164,POINT (-77.07707466799164 38.94383664794979),001200,0.0032291560723225975,0.47853695707391414,0.002115314582301239,1.775440248231874,0.07836178411360203,176.0,118.0
31309.0,38.954809931944446,-77.08242727472222,POINT (-77.08242727472222 38.95480993194445),001100,0.0021924671219395817,0.40778019586507075,0.0013145259893239496,1.8526767002622169,0.03410220828969623,42.0,51.0
31310.0,38.95501946174721,-77.06996482527882,POINT (-77.06996482527882 38.95501946174721),001100,0.0021924671219395817,0.40778019586507075,0.0013145259893239496,1.8526767002622169,0.03410220828969623,176.0,105.0
31312.0,38.908488502250776,-77.06359178698598,POINT (-77.06359178698598 38.90848850225078),000102,0.0015728245913820464,0.5134128166915052,0.0011678984391298131,2.7149391963327445,0.2007196673040186,412.0,414.0
31313.0,38.94113997204,-77.06197628164,POINT (-77.06197628164 38.94113997204),001200,0.0032291560723225975,0.47853695707391414,0.002115314582301239,1.775440248231874,0.07836178411360203,133.0,128.0
31314.0,38.90372868747651,-77.06752930739597,POINT (-77.06752930739597 38.90372868747651),000202,0.005131144268354724,0.4314759036144578,0.0024238989741575275,2.4280843724560617,0.06343121375833728,433.0,492.0
31315.0,38.96454483292308,-77.07514146076922,POINT (-77.07514146076922 38.96454483292308),001401,0.0029438075358935154,0.5047413793103448,0.0016850760377873225,0.7349643955244447,0.0010600994582317777,98.0,83.0
31316.0,38.94618388298508,-77.08057450492538,POINT (-77.08057450492538 38.94618388298508),001004,0.0021719856650304873,0.4222708789490147,0.0011352480595139018,1.8267284719488015,0.05066004920269514,56.0,23.0
31317.0,38.95826799785714,-77.08463397727273,POINT (-77.08463397727273 38.95826799785714),001004,0.0021719856650304873,0.4222708789490147,0.0011352480595139018,1.8267284719488015,0.05066004920269514,92.0,60.0
31318.0,38.94715161502538,-77.06511025720812,POINT (-77.06511025720812 38.94715161502538),001303,0.0033791189335203877,0.3040585495675316,0.0023842685489011118,1.7881477753692994,0.08348053969013075,156.0,154.0
31319.0,38.94981474392857,-77.08021305438776,POINT (-77.08021305438776 38.94981474392857),001100,0.0021924671219395817,0.40778019586507075,0.0013145259893239496,1.8526767002622169,0.03410220828969623,120.0,50.0
31320.0,38.93629603795455,-77.08713447402599,POINT (-77.08713447402599 38.93629603795455),000803,0.005552436614279271,0.3302162478082992,0.004851486112418182,1.3143966451481492,0.03402148144001064,57.0,56.0
31321.0,38.89224468680707,-77.03323264662363,POINT (-77.03323264662363 38.89224468680707),980000,1.9956317156844987e-06,1.0,4.60530395927192e-07,1.5852178584842582,1.0,870.0,963.0
31322.0,38.91703697068702,-77.09577621671755,POINT (-77.09577621671755 38.91703697068702),000804,0.0010094406662386317,0.449633346198379,0.000527511641098845,1.478350417309952,0.03170465972094273,72.0,61.0
31323.0,38.92339171298058,-77.05183042603885,POINT (-77.05183042603885 38.92339171298058),000501,0.003048128740365584,0.4612700628053036,0.0025791040458431756,1.700205476149904,0.18543193065964111,739.0,556.0
31324.0,38.91126822855649,-77.04182908837343,POINT (-77.04182908837343 38.91126822855649),005303,0.013254803903560488,0.4760840411265087,0.012988167258205003,2.0545701794925746,0.39129606181381404,898.0,958.0
31325.0,38.912626749293565,-77.07432725050236,POINT (-77.07432725050236 38.91262674929357),000300,0.004530987173717587,0.44726810673443457,0.002468917830998592,1.9089962099939015,0.054744603242828566,314.0,254.0
31326.0,38.90969572972728,-77.08563507990908,POINT (-77.08563507990908 38.90969572972728),000802,0.001432562943345363,0.4683753617197189,0.0008865426730830958,1.8277511459443447,0.029137821739432083,14.0,20.0
31327.0,38.91068543600405,-77.03188577033693,POINT (-77.03188577033693 38.91068543600405),005001,0.008966557031183913,0.6137624861265261,0.005657588981385189,2.0672619953445572,0.43012366199516816,,
31328.0,38.89830285966016,-77.04690993639396,POINT (-77.04690993639396 38.89830285966016),010800,0.008180416578493908,0.4312638580931264,0.0017715166722089544,2.0207762373463063,0.26205629375039424,,
31329.0,38.89556845285714,-77.03791494314287,POINT (-77.03791494314287 38.89556845285714),980000,1.9956317156844987e-06,1.0,4.60530395927192e-07,1.5852178584842582,1.0,,
31330.0,38.909856758178535,-77.03855529126419,POINT (-77.03855529126419 38.90985675817853),005303,0.013254803903560488,0.4760840411265087,0.012988167258205003,2.0545701794925746,0.39129606181381404,,
31331.0,38.92729208591398,-77.10366593193548,POINT (-77.10366593193548 38.92729208591398),000902,0.0008928255814078044,0.4829034193161368,0.0004477517612818983,1.4001272881221414,0.015196861862971022,,
31332.0,38.91819599215081,-77.02714592993819,POINT (-77.02714592993819 38.91819599215081),004401,0.0102918244597906,0.5391578118850846,0.007116385508009478,2.1698365810707765,0.36145992382194325,,
31333.0,38.939675969381724,-77.07527767198926,POINT (-77.07527767198926 38.93967596938172),001002,0.002734562031735756,0.44471845458281956,0.002453575386469032,2.049381239340727,0.09279872921739561,,
31400.0,38.93670466669421,-77.02416857322314,POINT (-77.02416857322314 38.93670466669421),002400,0.0053270262109818695,0.43960863697705804,0.0025808399591666547,1.9330016008089042,0.23222024153788973,517.0,372.0
31401.0,38.93749379253087,-77.03281261935184,POINT (-77.03281261935184 38.93749379253087),002504,0.007208369022298786,0.5460614152202937,0.004311547826421704,1.5969728321298513,0.1543899192341728,489.0,360.0
31402.0,38.947751238493154,-77.03282767924658,POINT (-77.03282767924658 38.94775123849315),002501,0.0034317153056342693,0.5474530831099196,0.0018879034335553674,1.8566373495518698,0.17133125926317466,62.0,50.0
31403.0,38.956564746759256,-77.01981472898149,POINT (-77.01981472898149 38.95656474675926),002102,0.0053321395364854165,0.4701627486437613,0.0032631977685182,1.73443862720065,0.09024614855418313,94.0,94.0
31404.0,38.94177858472897,-77.02509632899064,POINT (-77.02509632899064 38.94177858472897),002400,0.0053270262109818695,0.43960863697705804,0.0025808399591666547,1.9330016008089042,0.23222024153788973,258.0,248.0
31405.0,38.9496623034375,-77.02734006523437,POINT (-77.02734006523437 38.9496623034375),002002,0.00354495535546095,0.4028561939554965,0.0018072090570018461,1.7711978653071938,0.17600375501101678,108.0,82.0
31406.0,38.94248212343874,-77.03267676865613,POINT (-77.03267676865613 38.94248212343874),002501,0.0034317153056342693,0.5474530831099196,0.0018879034335553674,1.8566373495518698,0.17133125926317466,203.0,175.0
31407.0,38.95642628399141,-77.03295096137337,POINT (-77.03295096137337 38.95642628399141),002002,0.00354495535546095,0.4028561939554965,0.0018072090570018461,1.7711978653071938,0.17600375501101678,177.0,144.0
31408.0,38.97521888735736,-77.01685813912913,POINT (-77.01685813912913 38.97521888735736),001702,0.003305670742418516,0.4148148148148148,0.0018183850653947908,2.37980536953645,0.13347349764536506,100.0,85.0
31411.0,38.96134836543269,-77.02785451048076,POINT (-77.02785451048076 38.96134836543269),001901,0.003555161548620571,0.48957952468007315,0.0021577945779561788,1.950059906415118,0.1553171748006633,79.0,64.0
31412.0,38.95746566676768,-77.00225024585859,POINT (-77.00225024585859 38.95746566676768),009505,0.0029955246184698533,0.41906300484652664,0.0016802037924599886,2.3162505442031915,0.06748663102497536,68.0,71.0
31413.0,38.96883515527778,-77.0162553611111,POINT (-77.01625536111111 38.96883515527778),001902,0.002035684895126894,0.48712206047032475,0.0009312175584091111,2.166788101549788,0.12815028735783535,61.0,59.0
31414.0,38.96751571436091,-77.02796111015037,POINT (-77.02796111015037 38.96751571436091),001804,0.005246321177223289,0.34178017104846375,0.003335244410100456,2.212623391174041,0.10905943314432849,66.0,54.0
31415.0,38.95672900988236,-77.02790071376471,POINT (-77.02790071376471 38.95672900988236),002101,0.005624034928917523,0.4772189349112426,0.003926840956285608,1.928141416368836,0.1516181610141228,78.0,38.0
31416.0,38.96948742992367,-77.03348901282442,POINT (-77.03348901282442 38.96948742992367),001803,0.002104218205051708,0.48389795064826435,0.0015533020208767312,1.96494514092901,0.08706666850388678,67.0,83.0
31417.0,38.947984143813386,-77.02151261156187,POINT (-77.02151261156187 38.94798414381339),002201,0.005843347231154242,0.4558944765045342,0.002372504955765428,0.7546116860238014,0.17358409779204717,204.0,134.0
31418.0,38.95160591097959,-77.0128059317551,POINT (-77.0128059317551 38.95160591097959),002202,0.0029002926047546483,0.4731129748396645,0.0019430672704769671,1.3830814753635432,0.1422589653724645,145.0,120.0
31419.0,38.93212000544798,-77.02349465374277,POINT (-77.02349465374277 38.93212000544798),003200,0.007021202020855984,0.4559618441971383,0.004255138649205566,1.5739766388814527,0.2415769407582886,300.0,234.0
31420.0,38.94215532352941,-77.03867842642157,POINT (-77.03867842642157 38.94215532352941),002600,0.0009695415806091684,0.4779627815866797,0.00043064359138712816,1.0049413620537644,0.190442426050409,61.0,54.0
31421.0,38.94203387254042,-77.01822579792147,POINT (-77.01822579792147 38.94203387254042),002301,0.00634322592039325,0.38979118329466356,0.003078402370492471,0.8275016742738249,0.16545857362482053,73.0,49.0
31422.0,38.96577956934426,-77.06862858967213,POINT (-77.06862858967213 38.96577956934426),001401,0.0029438075358935154,0.5047413793103448,0.0016850760377873225,0.7349643955244447,0.0010600994582317777,,
31423.0,38.95809677243903,-77.0138229652439,POINT (-77.0138229652439 38.95809677243903),002102,0.0053321395364854165,0.4701627486437613,0.0032631977685182,1.73443862720065,0.09024614855418313,,
31424.0,38.95372326306306,-77.02561848720721,POINT (-77.02561848720721 38.95372326306306),002101,0.005624034928917523,0.4772189349112426,0.003926840956285608,1.928141416368836,0.1516181610141228,,
31500.0,38.91907128175355,-77.00064506900475,POINT (-77.00064506900475 38.91907128175355),008702,0.005941477474810397,0.4083044982698962,0.003862988295906137,2.6188623505799344,0.23587285764602622,290.0,290.0
31501.0,38.93368743423077,-76.99102950153846,POINT (-76.99102950153846 38.93368743423077),009301,0.0027626227243751867,0.5300261096605744,0.0013037703849368538,1.5739688179638447,0.09529345328302122,93.0,82.0
31502.0,38.93460950994083,-76.99550242710059,POINT (-76.99550242710059 38.93460950994083),009511,0.0026797578210566698,0.4299792531120332,0.0,0.6106788364872647,0.13193261480905055,154.0,160.0
31503.0,38.91259510372955,-77.01349428062159,POINT (-77.01349428062159 38.91259510372955),004600,0.00638742450082529,0.4985683607730852,0.0033468824156078114,2.1246280779046383,0.3110166376275138,575.0,466.0
31504.0,38.932460447,-76.993511385725,POINT (-76.993511385725 38.932460447),009301,0.0027626227243751867,0.5300261096605744,0.0013037703849368538,1.5739688179638447,0.09529345328302122,207.0,186.0
31505.0,38.91097020705839,-77.0049510815447,POINT (-77.0049510815447 38.91097020705839),008701,0.00603889350538039,0.48853310255300736,0.0029083896458192877,1.75427579509458,0.23582493758563874,592.0,547.0
31506.0,38.91541298714492,-77.01228222102378,POINT (-77.01228222102378 38.91541298714492),003302,0.00870557244769557,0.49437570303712036,0.0045584296674941365,1.3006309577526074,0.20481391048016417,689.0,654.0
31507.0,38.92874815663316,-77.01243386047739,POINT (-77.01243386047739 38.92874815663316),002302,0.0007026620598292128,0.554140127388535,0.0005345801233661739,0.8807632761137902,0.28654434011841845,269.0,180.0
31508.0,38.90508958701422,-76.99412173464455,POINT (-76.99412173464455 38.90508958701422),008803,0.0023281810914033627,0.5952205882352941,0.000977493678817147,2.469748716431426,0.32400982592699185,123.0,131.0
31509.0,38.91266406524684,-77.0176608955109,POINT (-77.0176608955109 38.91266406524684),004801,0.00844834217046737,0.582089552238806,0.00436602757690198,2.4240867153090444,0.32966347451423206,515.0,463.0
31510.0,38.92708005266668,-76.97893185816666,POINT (-76.97893185816666 38.92708005266668),011100,0.0007421276155233372,0.5329877474081055,0.00031335831456593316,2.3823314909440807,0.1295911224346035,62.0,64.0
31511.0,38.928652983659575,-76.99094566174468,POINT (-76.99094566174468 38.92865298365957),009301,0.0027626227243751867,0.5300261096605744,0.0013037703849368538,1.5739688179638447,0.09529345328302122,196.0,147.0
31512.0,38.90373286926984,-76.98721289787302,POINT (-76.98721289787302 38.90373286926984),008802,0.0076956237808859995,0.521630615640599,0.003928908314090717,1.8686059579743544,0.29456387602602907,211.0,206.0
31513.0,38.91815249571428,-77.00474445675324,POINT (-77.00474445675324 38.91815249571428),008701,0.00603889350538039,0.48853310255300736,0.0029083896458192877,1.75427579509458,0.23582493758563874,257.0,114.0
31514.0,38.927496265182725,-76.9971915736877,POINT (-76.9971915736877 38.92749626518273),009201,0.0040252087630462015,0.42169625246548326,0.0020975545467392634,2.301770465818166,0.11975793346437005,191.0,135.0
31515.0,38.95237005790948,-77.00270324784482,POINT (-77.00270324784482 38.95237005790948),009508,0.003150033464558746,0.36819531507753217,0.0018291187389057712,2.181527116186903,0.04920145633721813,198.0,183.0
31516.0,38.92067650739726,-76.99586978195205,POINT (-76.99586978195205 38.92067650739726),009102,0.001902782985288118,0.4375,0.0011396877255631956,2.772190745339369,0.2698753754606,202.0,227.0
31517.0,38.90791142058725,-76.99706694545301,POINT (-76.99706694545301 38.90791142058725),008803,0.0023281810914033627,0.5952205882352941,0.000977493678817147,2.469748716431426,0.32400982592699185,258.0,261.0
31518.0,38.91560109634058,-76.98368057666667,POINT (-76.98368057666667 38.91560109634058),008803,0.0023281810914033627,0.5952205882352941,0.000977493678817147,2.469748716431426,0.32400982592699185,291.0,299.0
31519.0,38.90864403419573,-77.01236503285713,POINT (-77.01236503285713 38.90864403419573),004600,0.00638742450082529,0.4985683607730852,0.0033468824156078114,2.1246280779046383,0.3110166376275138,548.0,530.0
31520.0,38.91262946352145,-76.9719259563657,POINT (-76.97192595636569 38.91262946352145),011100,0.0007421276155233372,0.5329877474081055,0.00031335831456593316,2.3823314909440807,0.1295911224346035,280.0,288.0
31521.0,38.93292009494737,-76.97950573157895,POINT (-76.97950573157895 38.93292009494737),009400,0.002605374247732933,0.47575169738118334,0.0011479061610404314,1.4871592120366484,0.023473736105305416,44.0,51.0
31522.0,38.91473875715328,-77.00355713535279,POINT (-77.00355713535279 38.91473875715328),008701,0.00603889350538039,0.48853310255300736,0.0029083896458192877,1.75427579509458,0.23582493758563874,271.0,218.0
31523.0,38.914991459853375,-77.00779739835778,POINT (-77.00779739835778 38.91499145985338),008701,0.00603889350538039,0.48853310255300736,0.0029083896458192877,1.75427579509458,0.23582493758563874,287.0,181.0
31524.0,38.90743630063253,-76.98681719635542,POINT (-76.98681719635542 38.90743630063253),008804,0.0027144715263247186,0.44176136363636365,0.0020564178229732716,1.8552880276007875,0.16905714180266498,267.0,227.0
31525.0,38.90629311971014,-76.98321321985507,POINT (-76.98321321985507 38.90629311971014),008804,0.0027144715263247186,0.44176136363636365,0.0020564178229732716,1.8552880276007875,0.16905714180266498,89.0,79.0
31526.0,38.9242965060241,-76.98591610433735,POINT (-76.98591610433735 38.9242965060241),009102,0.001902782985288118,0.4375,0.0011396877255631956,2.772190745339369,0.2698753754606,52.0,45.0
31527.0,38.912524971709146,-77.00879374784108,POINT (-77.00879374784108 38.91252497170915),008701,0.00603889350538039,0.48853310255300736,0.0029083896458192877,1.75427579509458,0.23582493758563874,328.0,286.0
31528.0,38.93886979443877,-76.9972217144898,POINT (-76.9972217144898 38.93886979443877),009511,0.0026797578210566698,0.4299792531120332,0.0,0.6106788364872647,0.13193261480905055,55.0,52.0
31529.0,38.92410175611487,-77.00210040712838,POINT (-77.00210040712838 38.92410175611487),009204,0.006308657384144069,0.3653648509763618,0.004489974551407777,2.658009115813428,0.1187825329510414,188.0,159.0
31530.0,38.911014623982304,-76.98583050292035,POINT (-76.98583050292035 38.9110146239823),008803,0.0023281810914033627,0.5952205882352941,0.000977493678817147,2.469748716431426,0.32400982592699185,,
31531.0,38.92238341560439,-76.99602435364635,POINT (-76.99602435364635 38.92238341560439),009204,0.006308657384144069,0.3653648509763618,0.004489974551407777,2.658009115813428,0.1187825329510414,,
31532.0,38.90730348697123,-77.00071372872287,POINT (-77.00071372872287 38.90730348697123),008803,0.0023281810914033627,0.5952205882352941,0.000977493678817147,2.469748716431426,0.32400982592699185,,
31533.0,38.911222186989846,-77.00224884116342,POINT (-77.00224884116342 38.91122218698985),008702,0.005941477474810397,0.4083044982698962,0.003862988295906137,2.6188623505799344,0.23587285764602622,,
31534.0,38.932228728391166,-76.99614270716087,POINT (-76.99614270716087 38.93222872839117),009201,0.0040252087630462015,0.42169625246548326,0.0020975545467392634,2.301770465818166,0.11975793346437005,,
31535.0,38.92248341938053,-76.99271084318583,POINT (-76.99271084318583 38.92248341938053),009302,0.00320996159783621,0.527027027027027,0.001832076651229252,2.2322190867044336,0.10451144483393243,,
31536.0,38.90728594276339,-76.9991679976684,POINT (-76.99916799766839 38.90728594276339),008803,0.0023281810914033627,0.5952205882352941,0.000977493678817147,2.469748716431426,0.32400982592699185,,
31600.0,38.90304033977134,-77.0190278221875,POINT (-77.0190278221875 38.90304033977134),004703,0.017804775869291998,0.40135746606334843,0.016926621765331443,1.6011215790340028,0.3463543070734283,979.0,1020.0
31601.0,38.8896004995641,-76.97689862051283,POINT (-76.97689862051283 38.8896004995641),006804,0.0018291137065520656,0.8713222261609358,2.9177637998880877e-05,1.2861022304573497,0.19232229438116907,288.0,270.0
31602.0,38.93080202566505,-77.03147665107012,POINT (-77.03147665107012 38.93080202566505),002900,0.010983528034274461,0.5124167171411266,0.0056447750073179166,1.5569921002486886,0.23055333138613185,677.0,596.0
31603.0,38.90569127748272,-77.00548701284578,POINT (-77.00548701284578 38.90569127748272),010601,0.007223845808256714,0.4630541871921182,0.00498196262638394,2.07899637724952,0.2656948185946299,1665.0,1716.0
31604.0,38.899408460283205,-77.0152688224707,POINT (-77.0152688224707 38.8994084602832),005900,0.003456423979700713,0.551599819738621,0.002281956345318407,1.8221843880522148,0.42595077083714566,331.0,340.0
31605.0,38.88510318393325,-77.00229505065555,POINT (-77.00229505065555 38.88510318393325),006500,0.004486576594796356,0.46083150984682714,0.0031042790356118335,2.275220974349735,0.40584523461352695,441.0,439.0
31606.0,38.8803000707858,-76.98620324353612,POINT (-76.98620324353612 38.8803000707858),007100,0.004338924285522141,0.5204745503252965,0.002256639151942055,2.274294749945991,0.2444185399645124,496.0,505.0
31607.0,38.882916083000005,-76.98790404814287,POINT (-76.98790404814287 38.882916083),006900,0.0047175374454534735,0.4952127659574468,0.0030011568004055075,2.248437153471807,0.3521136636823988,193.0,182.0
31608.0,38.87920238927562,-76.99529604503533,POINT (-76.99529604503533 38.87920238927562),007000,0.005285876492981366,0.5802841153680586,0.0027578486050337564,2.537367259421859,0.3586148988416177,307.0,318.0
31609.0,38.87869685486415,-77.02305466019219,POINT (-77.02305466019219 38.87869685486415),010202,0.0013034384031851024,0.36872309899569583,0.0008751925002734977,2.060835397491518,0.236875187069503,558.0,551.0
31610.0,38.88695287783919,-76.99680765087939,POINT (-76.99680765087939 38.88695287783919),006600,0.006000224438552932,0.48451198129748685,0.0039346883810966625,2.1837000967325007,0.4096567159021134,542.0,544.0
31611.0,38.90043344854352,-76.98824960583481,POINT (-76.98824960583481 38.90043344854352),008410,0.006556363355293968,0.4618585298196949,0.003259994816744643,1.6524038286651337,0.3635190426941194,606.0,661.0
31612.0,38.89484126647786,-76.99591310067972,POINT (-76.99591310067972 38.89484126647786),008302,0.008689452683304523,0.5315394794883106,0.0045306277334212375,1.8778690833323133,0.47312659266330753,521.0,412.0
31613.0,38.8840954497177,-76.99523791412724,POINT (-76.99523791412724 38.8840954497177),007000,0.005285876492981366,0.5802841153680586,0.0027578486050337564,2.537367259421859,0.3586148988416177,1358.0,1329.0
31615.0,38.89997253432485,-76.99835605803327,POINT (-76.99835605803327 38.89997253432485),008302,0.008689452683304523,0.5315394794883106,0.0045306277334212375,1.8778690833323133,0.47312659266330753,898.0,1105.0
31616.0,38.90041236381444,-77.0019642174158,POINT (-77.0019642174158 38.90041236381444),010602,0.008152860136882522,0.48473886502373953,0.004995308833586171,2.233131793948051,0.40375969241725096,633.0,725.0
31617.0,38.90041759920382,-76.98287673563695,POINT (-76.98287673563695 38.90041759920382),008904,0.006787687801968652,0.5337704918032787,0.0044999031919936445,1.760107610750862,0.14131950549476632,189.0,188.0
31618.0,38.889955161619646,-77.000351044744,POINT (-77.00035104474399 38.88995516161965),008200,0.007620617923078742,0.39821636293136875,0.004574143677753351,2.183404993285677,0.43184888034090974,591.0,545.0
31619.0,38.89046042332472,-76.98835758875107,POINT (-76.98835758875107 38.89046042332472),008002,0.004520166297902622,0.5066870462361482,0.00261330210497771,1.7452895782780897,0.4112783122178748,843.0,670.0
31620.0,38.89722732263479,-77.01934012361139,POINT (-77.01934012361139 38.89722732263479),005801,0.007057278140038033,0.38929440389294406,0.006181557494923825,1.6200350534241381,0.32211458823898736,482.0,480.0
31621.0,38.89536166086957,-77.01610203720496,POINT (-77.01610203720496 38.89536166086957),005900,0.003456423979700713,0.551599819738621,0.002281956345318407,1.8221843880522148,0.42595077083714566,336.0,322.0
31622.0,38.89483277523927,-76.98763431288344,POINT (-76.98763431288344 38.89483277523927),008001,0.007645719419445778,0.5008103727714749,0.004752242135101226,1.3438785139409124,0.37426035968694416,499.0,429.0
31623.0,38.89696898905167,-77.00492494934305,POINT (-77.00492494934305 38.89696898905167),010603,0.004012751200809873,0.3134728931830381,0.002666551790983695,1.9730877071187272,0.41277754127695016,2175.0,2491.0
31624.0,38.89744272519663,-77.00988217663858,POINT (-77.00988217663858 38.89744272519663),005900,0.003456423979700713,0.551599819738621,0.002281956345318407,1.8221843880522148,0.42595077083714566,606.0,613.0
31625.0,38.88118565264673,-77.00182579380898,POINT (-77.00182579380898 38.88118565264673),007000,0.005285876492981366,0.5802841153680586,0.0027578486050337564,2.537367259421859,0.3586148988416177,471.0,444.0
31626.0,38.88731825869071,-76.98356696925995,POINT (-76.98356696925995 38.88731825869071),006801,0.00869458631256384,0.4981203007518797,0.004612870275791624,1.2953562735190258,0.2330206938100444,424.0,421.0
31627.0,38.90547058745311,-77.00213272694965,POINT (-77.00213272694965 38.90547058745311),010602,0.008152860136882522,0.48473886502373953,0.004995308833586171,2.233131793948051,0.40375969241725096,1077.0,1203.0
31628.0,38.87884911290245,-77.00574936061989,POINT (-77.00574936061989 38.87884911290245),007202,0.016665126619088255,0.46934116112198304,0.01173516254749235,2.136092459917363,0.2375195255616478,774.0,850.0
31629.0,38.88998703218804,-76.99518984815386,POINT (-76.99518984815386 38.88998703218804),008200,0.007620617923078742,0.39821636293136875,0.004574143677753351,2.183404993285677,0.43184888034090974,387.0,321.0
31630.0,38.88990899075646,-76.98333494282288,POINT (-76.98333494282288 38.88990899075646),008002,0.004520166297902622,0.5066870462361482,0.00261330210497771,1.7452895782780897,0.4112783122178748,421.0,375.0
31631.0,38.89727297215065,-76.99474762861352,POINT (-76.99474762861352 38.89727297215065),008402,0.00742577868553505,0.4179764243614931,0.004737763513020643,2.310816073340946,0.4258037973742029,453.0,458.0
31632.0,38.89718931515101,-76.9835738895302,POINT (-76.98357388953021 38.89718931515101),007901,0.00900156949166876,0.4708483006355347,0.004422434527821789,1.8658375465100183,0.24383762366764888,287.0,310.0
31633.0,38.88731261856452,-77.02576267232259,POINT (-77.02576267232259 38.88731261856452),010202,0.0013034384031851024,0.36872309899569583,0.0008751925002734977,2.060835397491518,0.236875187069503,338.0,339.0
31634.0,38.87503590849665,-77.00239208634899,POINT (-77.00239208634899 38.87503590849665),007201,0.0018235168409778146,0.5614035087719298,0.0015125592323058082,1.838150409184653,0.2640618976210794,389.0,425.0
31635.0,38.8767370080756,-76.99446609219932,POINT (-76.99446609219932 38.8767370080756),007203,0.005354288897334049,0.4044725328147788,0.003951293410866838,2.8096727768762735,0.24471656373235254,212.0,211.0
31636.0,38.90733709331468,-77.01536025843356,POINT (-77.01536025843356 38.90733709331468),004600,0.00638742450082529,0.4985683607730852,0.0033468824156078114,2.1246280779046383,0.3110166376275138,533.0,439.0
31637.0,38.89970191144522,-77.00893269657342,POINT (-77.00893269657342 38.89970191144522),010603,0.004012751200809873,0.3134728931830381,0.002666551790983695,1.9730877071187272,0.41277754127695016,371.0,415.0
31638.0,38.90035767870484,-77.01211955135683,POINT (-77.01211955135683 38.90035767870484),004702,0.009830952949898596,0.45684013711436583,0.006565201673927296,2.544607211640177,0.4679731047666681,476.0,480.0
31639.0,38.89967042614807,-77.00365133887338,POINT (-77.00365133887338 38.89967042614807),010603,0.004012751200809873,0.3134728931830381,0.002666551790983695,1.9730877071187272,0.41277754127695016,558.0,579.0
31640.0,38.896215936284094,-76.99279463778409,POINT (-76.99279463778409 38.89621593628409),008100,0.009800746854804261,0.47627416520210897,0.005470504747075278,1.39920497321622,0.45283135209631176,451.0,371.0
31641.0,38.89497233772728,-77.0031383277193,POINT (-77.0031383277193 38.89497233772728),008200,0.007620617923078742,0.39821636293136875,0.004574143677753351,2.183404993285677,0.43184888034090974,681.0,623.0
31642.0,38.902580070870286,-77.01366674195403,POINT (-77.01366674195403 38.90258007087029),004704,0.005027479862373998,0.30360721442885774,0.004463273705474311,1.9876074839421622,0.2830895689700489,648.0,632.0
31643.0,38.88491562975167,-77.0059641125597,POINT (-77.0059641125597 38.88491562975167),006500,0.004486576594796356,0.46083150984682714,0.0031042790356118335,2.275220974349735,0.40584523461352695,455.0,502.0
31644.0,38.88249106724528,-76.99012118649057,POINT (-76.99012118649057 38.88249106724528),006900,0.0047175374454534735,0.4952127659574468,0.0030011568004055075,2.248437153471807,0.3521136636823988,304.0,304.0
31645.0,38.90294165334764,-76.99840481432403,POINT (-76.99840481432403 38.90294165334764),010602,0.008152860136882522,0.48473886502373953,0.004995308833586171,2.233131793948051,0.40375969241725096,297.0,322.0
31646.0,38.88043753070527,-77.02523289525229,POINT (-77.02523289525229 38.88043753070527),010202,0.0013034384031851024,0.36872309899569583,0.0008751925002734977,2.060835397491518,0.236875187069503,647.0,750.0
31647.0,38.89221716799688,-76.99601183386542,POINT (-76.99601183386542 38.89221716799688),008302,0.008689452683304523,0.5315394794883106,0.0045306277334212375,1.8778690833323133,0.47312659266330753,522.0,337.0
31648.0,38.86968089135266,-77.0108115152174,POINT (-77.0108115152174 38.86968089135266),006400,0.002658335864393052,0.43035908596300326,0.0018845547504375117,2.5446092650030456,0.19347169264415714,207.0,218.0
31649.0,38.93199681287752,-77.03296097323425,POINT (-77.03296097323425 38.93199681287752),002801,0.01539759176313187,0.43672081601813373,0.010394974114362167,1.8346925558932634,0.14775725447261268,591.0,301.0
31650.0,38.876915124584144,-77.00604619596712,POINT (-77.00604619596712 38.87691512458414),007202,0.016665126619088255,0.46934116112198304,0.01173516254749235,2.136092459917363,0.2375195255616478,492.0,646.0
31651.0,38.93133271667408,-77.02824054380423,POINT (-77.02824054380423 38.93133271667408),003000,0.013169638618279876,0.40915645277577506,0.007600789988416035,1.9143950994679075,0.22933929486962407,538.0,318.0
31652.0,38.87674559506757,-77.00072495895947,POINT (-77.00072495895947 38.87674559506757),007203,0.005354288897334049,0.4044725328147788,0.003951293410866838,2.8096727768762735,0.24471656373235254,496.0,618.0
31653.0,38.902669465193846,-77.02139646634551,POINT (-77.02139646634551 38.90266946519385),004703,0.017804775869291998,0.40135746606334843,0.016926621765331443,1.6011215790340028,0.3463543070734283,499.0,565.0
31654.0,38.87621108017182,-77.0124386666323,POINT (-77.01243866663231 38.87621108017182),006400,0.002658335864393052,0.43035908596300326,0.0018845547504375117,2.5446092650030456,0.19347169264415714,136.0,134.0
31655.0,38.897110081825005,-77.011621040755,POINT (-77.011621040755 38.89711008182501),005900,0.003456423979700713,0.551599819738621,0.002281956345318407,1.8221843880522148,0.42595077083714566,516.0,757.0
31656.0,38.90193586511111,-76.97863052907937,POINT (-76.97863052907937 38.90193586511111),008904,0.006787687801968652,0.5337704918032787,0.0044999031919936445,1.760107610750862,0.14131950549476632,139.0,152.0
31657.0,38.89293683774253,-76.99827176270522,POINT (-76.99827176270522 38.89293683774253),008200,0.007620617923078742,0.39821636293136875,0.004574143677753351,2.183404993285677,0.43184888034090974,367.0,300.0
31658.0,38.89781398903084,-76.97963375264317,POINT (-76.97963375264317 38.89781398903084),007901,0.00900156949166876,0.4708483006355347,0.004422434527821789,1.8658375465100183,0.24383762366764888,145.0,161.0
31659.0,38.88590567001831,-76.99147810712455,POINT (-76.99147810712455 38.88590567001831),006700,0.008625962395939844,0.5087956698240866,0.0050821976010720004,1.3608668689858354,0.4486939350161687,324.0,321.0
31660.0,38.90272747915,-76.99515152283332,POINT (-76.99515152283332 38.90272747915),010602,0.008152860136882522,0.48473886502373953,0.004995308833586171,2.233131793948051,0.40375969241725096,183.0,178.0
31661.0,38.8999241427614,-76.9948917074799,POINT (-76.99489170747989 38.8999241427614),008402,0.00742577868553505,0.4179764243614931,0.004737763513020643,2.310816073340946,0.4258037973742029,28.0,34.0
31662.0,38.90239365341738,-77.0056519810949,POINT (-77.0056519810949 38.90239365341738),010603,0.004012751200809873,0.3134728931830381,0.002666551790983695,1.9730877071187272,0.41277754127695016,,
31663.0,38.88405703290683,-76.9863523256149,POINT (-76.9863523256149 38.88405703290683),006900,0.0047175374454534735,0.4952127659574468,0.0030011568004055075,2.248437153471807,0.3521136636823988,,
31664.0,38.86628120687944,-77.01054737349882,POINT (-77.01054737349882 38.86628120687944),006400,0.002658335864393052,0.43035908596300326,0.0018845547504375117,2.5446092650030456,0.19347169264415714,,
31665.0,38.88549363327273,-76.97718314701818,POINT (-76.97718314701818 38.88549363327273),006804,0.0018291137065520656,0.8713222261609358,2.9177637998880877e-05,1.2861022304573497,0.19232229438116907,,
31666.0,38.88111267300408,-77.01770162513469,POINT (-77.01770162513469 38.88111267300408),010202,0.0013034384031851024,0.36872309899569583,0.0008751925002734977,2.060835397491518,0.236875187069503,,
31667.0,38.8637382222304,-77.01380919431372,POINT (-77.01380919431372 38.8637382222304),006400,0.002658335864393052,0.43035908596300326,0.0018845547504375117,2.5446092650030456,0.19347169264415714,,
31668.0,38.8718407486119,-77.00591133332861,POINT (-77.00591133332861 38.8718407486119),007201,0.0018235168409778146,0.5614035087719298,0.0015125592323058082,1.838150409184653,0.2640618976210794,,
31669.0,38.87682261093842,-77.0021367585044,POINT (-77.00213675850441 38.87682261093842),007203,0.005354288897334049,0.4044725328147788,0.003951293410866838,2.8096727768762735,0.24471656373235254,,
31671.0,38.88334970538462,-76.92530416730769,POINT (-76.92530416730769 38.88334970538462),009905,0.004270573132695953,0.48290830168204013,0.0029868522886842557,1.9343992785374593,0.004692606827381418,,
31672.0,38.89998107492582,-76.99272273985163,POINT (-76.99272273985163 38.89998107492582),008402,0.00742577868553505,0.4179764243614931,0.004737763513020643,2.310816073340946,0.4258037973742029,,
31673.0,38.87481919583333,-77.02078959410919,POINT (-77.02078959410919 38.87481919583333),011002,0.003438916570639321,0.38995913601868065,0.0027985112080976147,0.7660873369677289,0.13842917348099282,,
31674.0,38.87674534487705,-77.02094367272541,POINT (-77.02094367272541 38.87674534487705),011002,0.003438916570639321,0.38995913601868065,0.0027985112080976147,0.7660873369677289,0.13842917348099282,,
31675.0,38.90244240874172,-77.00824564300221,POINT (-77.00824564300221 38.90244240874172),010603,0.004012751200809873,0.3134728931830381,0.002666551790983695,1.9730877071187272,0.41277754127695016,,
31676.0,38.8708223519544,-77.01192212276872,POINT (-77.01192212276872 38.8708223519544),006400,0.002658335864393052,0.43035908596300326,0.0018845547504375117,2.5446092650030456,0.19347169264415714,,
31700.0,38.86165579270271,-76.96916181513512,POINT (-76.96916181513512 38.86165579270271),007604,0.002519750580469925,0.43639524775427413,0.0014186830999284453,1.9693025672086808,0.06510514251411557,19.0,13.0
31701.0,38.86920909183674,-76.95967624142857,POINT (-76.95967624142857 38.86920909183674),009901,0.0010227624099136598,0.4786046511627907,0.0005047213567062293,1.6000465874278245,0.12041927186244883,21.0,15.0
31702.0,38.87803878366666,-76.96071871699999,POINT (-76.96071871699999 38.87803878366666),009901,0.0010227624099136598,0.4786046511627907,0.0005047213567062293,1.6000465874278245,0.12041927186244883,10.0,11.0
31703.0,38.89705084794118,-76.947433015,POINT (-76.947433015 38.89705084794118),007803,0.0033871266888758937,0.4440454817474566,0.002241868412864595,2.331427322667758,0.048413448247245264,33.0,31.0
31704.0,38.90138405086957,-76.9418769273913,POINT (-76.94187692739131 38.90138405086957),007803,0.0033871266888758937,0.4440454817474566,0.002241868412864595,2.331427322667758,0.048413448247245264,7.0,7.0
31705.0,38.89399317888888,-76.94797422222221,POINT (-76.94797422222221 38.89399317888888),009603,0.005479091208429371,0.47415865384615385,0.0029914389199868292,2.5509955839487377,0.04325152082800496,18.0,20.0
31706.0,38.8655918768421,-76.95211117526316,POINT (-76.95211117526316 38.8655918768421),007604,0.002519750580469925,0.43639524775427413,0.0014186830999284453,1.9693025672086808,0.06510514251411557,32.0,20.0
31707.0,38.88995818355932,-76.9372141918644,POINT (-76.9372141918644 38.88995818355932),007803,0.0033871266888758937,0.4440454817474566,0.002241868412864595,2.331427322667758,0.048413448247245264,20.0,20.0
31708.0,38.89654349490683,-76.96011816981367,POINT (-76.96011816981367 38.89654349490683),009604,0.0035142367312234668,0.32899943470887505,0.0017481788148539575,1.6780227202600262,0.027032967877038353,196.0,199.0
31710.0,38.89852540676471,-76.9318630932353,POINT (-76.93186309323529 38.89852540676471),007804,0.0033992185375488412,0.4494736842105263,0.0018534686341582104,2.49489784230669,0.013554491896522781,5.0,8.0
31711.0,38.90845888678571,-76.93310314892857,POINT (-76.93310314892857 38.90845888678571),007806,0.0033048668968208342,0.5214060387561965,0.0017261562566089892,2.292559568513635,0.032794994552434585,16.0,27.0
31712.0,38.89446873650289,-76.97483508297688,POINT (-76.97483508297688 38.89446873650289),007903,0.006497408699509972,0.45685909373060213,0.0033999475690173224,1.4585758445229347,0.11824829215422121,253.0,251.0
31713.0,38.8974052225,-76.92591675,POINT (-76.92591675 38.8974052225),007807,0.00357915557944635,0.5253874933190807,0.0016700175418795636,2.1053896189386223,0.012891770495580525,5.0,3.0
31714.0,38.89182187115385,-76.91357984653845,POINT (-76.91357984653845 38.89182187115385),007808,0.0033356389269596476,0.45024,0.0018786318436636736,2.5674877430648815,0.012891770495580525,3.0,5.0
31715.0,38.883011,-76.949709,POINT (-76.949709 38.883011),009901,0.0010227624099136598,0.4786046511627907,0.0005047213567062293,1.6000465874278245,0.12041927186244883,2.0,1.0
31716.0,38.89595305920864,-76.96784667035972,POINT (-76.96784667035972 38.89595305920864),006804,0.0018291137065520656,0.8713222261609358,2.9177637998880877e-05,1.2861022304573497,0.19232229438116907,194.0,199.0
31717.0,38.900466748214285,-76.94728465678573,POINT (-76.94728465678573 38.90046674821428),009602,0.0021626850354593105,0.3733191790516631,0.0014601567755330375,1.6130668137754942,0.03822734963952495,17.0,18.0
31718.0,38.87622745,-76.94098127,POINT (-76.94098126999999 38.87622745),007707,0.0034762965221610937,0.45494880546075084,0.0021095068997960494,1.8714332754125524,0.08138783823386038,13.0,5.0
31719.0,38.89747183018751,-76.96950394375001,POINT (-76.96950394375001 38.89747183018751),006804,0.0018291137065520656,0.8713222261609358,2.9177637998880877e-05,1.2861022304573497,0.19232229438116907,,
31720.0,38.87876246423611,-76.97093390388889,POINT (-76.97093390388889 38.87876246423611),007709,0.0019520504975436496,0.4394313967861557,0.001410350452180795,2.384326725855244,0.07916014329746922,,
31721.0,38.89045478800001,-76.96128209690909,POINT (-76.96128209690909 38.89045478800001),009604,0.0035142367312234668,0.32899943470887505,0.0017481788148539575,1.6780227202600262,0.027032967877038353,,
31800.0,38.84322533787879,-76.99939061696969,POINT (-76.99939061696969 38.84322533787879),010400,0.0015193708252366188,0.4208396560445119,0.000903399294418637,2.41135690454704,0.049593061712980585,31.0,20.0
31801.0,38.86266790946809,-76.99465146085106,POINT (-76.99465146085106 38.86266790946809),007401,0.0008998331834989782,0.37224264705882354,0.0008493829774388333,2.5390054496684065,0.1013279434699228,90.0,96.0
31802.0,38.86737009719697,-76.98803688007575,POINT (-76.98803688007575 38.86737009719697),007601,0.003563874949679879,0.4057861635220126,0.002017287707365969,2.494771968276762,0.07886029125027107,62.0,67.0
31803.0,38.86661157560606,-76.98521745681818,POINT (-76.98521745681818 38.86661157560606),007503,0.0033017650175958257,0.4620811287477954,0.0018828407213803357,2.7243933863315597,0.00926583696644183,32.0,36.0
31804.0,38.865783115384616,-76.97840487807692,POINT (-76.97840487807692 38.86578311538462),007605,0.007540866560597981,0.4032729398012858,0.004290493043098851,2.113482373283441,0.009435017380467293,24.0,17.0
31805.0,38.873057,-76.971015,POINT (-76.97101499999999 38.873057),007601,0.003563874949679879,0.4057861635220126,0.002017287707365969,2.494771968276762,0.07886029125027107,78.0,68.0
31806.0,38.84471193578947,-76.98781887701755,POINT (-76.98781887701755 38.84471193578947),007304,0.0025120838778074383,0.48175653858572814,0.001541155753256097,2.1802330867698916,0.04095875089296891,28.0,29.0
31807.0,38.86389377195122,-76.99001257682926,POINT (-76.99001257682926 38.86389377195122),007503,0.0033017650175958257,0.4620811287477954,0.0018828407213803357,2.7243933863315597,0.00926583696644183,47.0,47.0
31811.0,38.831516,-77.008133,POINT (-77.008133 38.831516),009807,0.0026827076253698127,0.5280373831775701,0.0016778976521004579,2.2182802378131155,0.04664641128679327,10.0,11.0
31812.0,38.870695000000005,-76.982359,POINT (-76.982359 38.870695),007601,0.003563874949679879,0.4057861635220126,0.002017287707365969,2.494771968276762,0.07886029125027107,30.0,24.0
31813.0,38.84627275,-76.98183882038461,POINT (-76.98183882038461 38.84627275),007304,0.0025120838778074383,0.48175653858572814,0.001541155753256097,2.1802330867698916,0.04095875089296891,40.0,25.0
31814.0,38.84377293333333,-76.97557318866667,POINT (-76.97557318866667 38.84377293333333),007409,0.006001882071661978,0.35761316872427984,0.0042186068223862795,1.292586214869661,0.011943826979140098,1.0,3.0
31815.0,38.84623,-76.97703,POINT (-76.97703 38.84623),007409,0.006001882071661978,0.35761316872427984,0.0042186068223862795,1.292586214869661,0.011943826979140098,4.0,3.0
31816.0,38.83599891642857,-77.00088945214286,POINT (-77.00088945214286 38.83599891642857),009803,0.004321545588069145,0.4392156862745098,0.002843369864045494,1.9907053366747138,0.049903926209199846,6.0,15.0
31817.0,38.824481,-77.005497,POINT (-77.00549700000001 38.824481),009810,0.004989721875713758,0.5850100603621731,0.00337333309907409,1.9234064521828502,0.018490119695599192,18.0,17.0
31818.0,38.82373494416667,-77.00222381916667,POINT (-77.00222381916667 38.82373494416667),009810,0.004989721875713758,0.5850100603621731,0.00337333309907409,1.9234064521828502,0.018490119695599192,6.0,4.0
31819.0,38.81909,-77.01033,POINT (-77.01033 38.81909),010900,0.0010205731589259203,0.48477366255144033,0.0005195263364573512,1.7121903675727024,0.012254691475359372,,
31820.0,38.87333855537635,-76.9833935860215,POINT (-76.98339358602151 38.87333855537635),007601,0.003563874949679879,0.4057861635220126,0.002017287707365969,2.494771968276762,0.07886029125027107,186.0,191.0
31822.0,38.855004,-76.984512,POINT (-76.984512 38.855004),007407,0.0038114013471332348,0.2939655172413793,0.0024100542138984723,2.3536193462570143,0.011943826979140098,24.0,15.0
31823.0,38.835737,-76.983144,POINT (-76.983144 38.835737),007304,0.0025120838778074383,0.48175653858572814,0.001541155753256097,2.1802330867698916,0.04095875089296891,5.0,7.0
31824.0,38.83665147399999,-76.9935921795,POINT (-76.9935921795 38.83665147399999),009801,0.0036139495206127257,0.3450930083386786,0.002545296070322497,1.89308811471261,0.037925404325522424,18.0,19.0
31825.0,38.857340193333336,-76.97772945,POINT (-76.97772945 38.85734019333334),007504,0.0023806376549083148,0.5294117647058824,0.0017511232447868746,2.033958220100372,0.016231650453946884,15.0,10.0
31826.0,38.8693461431579,-76.97852907614036,POINT (-76.97852907614036 38.8693461431579),007601,0.003563874949679879,0.4057861635220126,0.002017287707365969,2.494771968276762,0.07886029125027107,,
31827.0,38.85313072709091,-77.00517477599999,POINT (-77.00517477599999 38.85313072709091),010400,0.0015193708252366188,0.4208396560445119,0.000903399294418637,2.41135690454704,0.049593061712980585,,
31828.0,38.8807342584433,-77.00575369624742,POINT (-77.00575369624742 38.8807342584433),007202,0.016665126619088255,0.46934116112198304,0.01173516254749235,2.136092459917363,0.2375195255616478,,
32901.0,38.96381,-77.010266,POINT (-77.010266 38.96381),001902,0.002035684895126894,0.48712206047032475,0.0009312175584091111,2.166788101549788,0.12815028735783535,,
