Date,Visibility,Temperature,Dew Point Temp,Relative Humidity,Wind Speed,Wind Direction,Precipitation
3/1/2020 0:52,10,0.6,-11.1,42,9,300,0
3/1/2020 1:00,9.94,0.6,-11.1,42,9,300,0
3/1/2020 1:52,10,0,-10.6,45,8,310,0
3/1/2020 2:52,10,-0.6,-10.6,47,5,340,0
3/1/2020 3:52,10,-0.6,-10.6,47,5,300,0
3/1/2020 4:00,9.94,-0.6,-10.6,47,5,300,0
3/1/2020 4:52,10,-1.1,-10,51,3,260,0
3/1/2020 5:52,10,-1.1,-8.9,56,3,240,0
3/1/2020 6:52,10,-2.2,-8.3,63,5,250,0
3/1/2020 7:00,9.94,-2.2,-8.3,63,5,250,0
3/1/2020 7:52,10,0,-8.3,54,6,230,0
3/1/2020 8:52,10,2.2,-8.9,44,7,270,0
3/1/2020 9:52,10,4.4,-10,35,9,230,0
3/1/2020 10:00,9.94,4.4,-10,35,9,230,0
3/1/2020 10:52,10,5.6,-11.1,29,9,240,0
3/1/2020 11:03,10,6.7,-11.1,27,13,300,0
3/1/2020 11:52,10,7.2,-11.7,25,9,250,0
3/1/2020 12:52,10,8.3,-10.6,25,8,260,0
3/1/2020 13:00,9.94,8.3,-10.6,25,8,260,0
3/1/2020 13:52,10,9.4,-10,25,8,360,0
3/1/2020 14:52,10,10.6,-10.6,22,6,280,0
3/1/2020 15:52,10,10,-9.4,25,6,360,0
3/1/2020 16:00,9.94,10,-9.4,25,6,360,0
3/1/2020 16:52,10,9.4,-5.6,35,11,170,0
3/1/2020 17:52,10,7.8,-3.9,44,7,180,0
3/1/2020 18:52,10,6.7,-3.9,47,8,180,0
3/1/2020 19:00,9.94,6.7,-3.9,47,8,180,0
3/1/2020 19:52,10,6.7,0,63,5,180,0
3/1/2020 20:52,10,5.6,-5.6,45,8,190,0
3/1/2020 21:52,10,5,-4.4,51,8,190,0
3/1/2020 22:00,9.94,5,-4.4,51,8,190,0
3/1/2020 22:52,10,4.4,-2.8,60,7,190,0
3/1/2020 23:52,10,4.4,-3.3,58,9,190,0
3/2/2020 0:52,10,4.4,-3.3,58,8,180,0
3/2/2020 1:00,9.94,4.4,-3.3,58,8,180,0
3/2/2020 1:52,10,4.4,-4.4,53,8,190,0
3/2/2020 2:52,10,5,-6.1,45,8,200,0
3/2/2020 3:52,10,4.4,-5.6,49,6,210,0
3/2/2020 4:00,9.94,4.4,-5.6,49,6,210,0
3/2/2020 4:52,10,3.9,-5,53,7,210,0
3/2/2020 5:52,10,5,-5,49,6,220,0
3/2/2020 6:52,10,5,-5,49,6,200,0
3/2/2020 7:00,9.94,5,-5,49,6,200,0
3/2/2020 7:52,10,6.1,-1.7,58,10,190,0
3/2/2020 8:52,10,8.9,-3.3,42,11,190,0
3/2/2020 9:52,10,11.1,-2.2,40,16,200,0
3/2/2020 10:00,9.94,11.1,-2.2,40,16,200,0
3/2/2020 10:52,10,12.8,-2.2,35,17,200,0
3/2/2020 11:52,10,15.6,-1.1,32,17,200,0
3/2/2020 12:52,10,17.8,-0.6,29,16,200,0
3/2/2020 13:00,9.94,17.8,-0.6,29,16,200,0
3/2/2020 13:52,10,18.3,-0.6,31,18,200,0
3/2/2020 14:52,10,17.8,1.1,33,16,200,0
3/2/2020 15:52,10,16.7,2.2,38,15,180,0
3/2/2020 16:00,9.94,16.7,2.2,38,15,180,0
3/2/2020 16:52,10,18.3,-0.6,28,18,200,0
3/2/2020 17:52,10,17.2,2.2,37,16,240,0
3/2/2020 18:52,10,16.7,1.7,37,16,220,0
3/2/2020 19:00,9.94,16.7,1.7,37,16,220,0
3/2/2020 19:52,10,16.7,2.2,38,14,220,0
3/2/2020 20:52,10,13.9,6.1,60,5,230,0.02
3/2/2020 21:52,10,13.9,6.1,60,10,230,0.01
3/2/2020 22:00,9.94,13.9,6.1,60,10,230,0
3/2/2020 22:52,10,11.1,8.3,83,7,190,0.06
3/2/2020 23:52,10,10,7.8,86,5,190,0
3/3/2020 0:52,10,10.6,8.3,86,0,0,0
3/3/2020 1:00,9.94,10.6,8.3,86,0,0,0
3/3/2020 1:52,10,9.4,7.2,86,6,190,0
3/3/2020 2:52,10,9.4,6.1,80,5,180,0
3/3/2020 3:52,10,8.3,6.1,86,7,170,0
3/3/2020 4:00,9.94,8.3,6.1,86,7,170,0
3/3/2020 4:52,10,8.3,6.1,86,6,190,0
3/3/2020 5:52,10,8.3,6.1,86,5,200,0
3/3/2020 6:52,10,7.8,5.6,86,5,220,0
3/3/2020 7:00,9.94,7.8,5.6,86,5,220,0
3/3/2020 7:52,10,8.9,5.6,80,6,180,0
3/3/2020 8:52,10,10.6,6.7,77,7,190,0
3/3/2020 9:52,10,11.1,7.2,77,11,190,0
3/3/2020 10:00,9.94,11.1,7.2,77,11,190,0
3/3/2020 10:32,10,11.1,7.8,80,11,160,0
3/3/2020 10:52,10,12.2,8.3,77,10,200,0
3/3/2020 11:50,10,12.2,8.9,82,9,180,0
3/3/2020 11:52,10,12.2,8.9,80,9,180,0.01
3/3/2020 11:57,2,12.2,8.9,80,9,180,0
3/3/2020 12:10,3,11.1,9.4,89,14,180,0.02
3/3/2020 12:29,5,10.6,10,96,10,190,0.03
3/3/2020 12:52,7,11.1,10.6,97,13,180,0.02
3/3/2020 13:00,6.84,11.1,10.6,97,13,180,0
3/3/2020 13:52,10,13.9,12.2,90,11,210,0
3/3/2020 14:28,10,15.6,12.2,80,9,210,0
3/3/2020 14:42,10,15.6,12.8,84,10,210,0
3/3/2020 14:52,10,16.1,12.8,81,13,190,0
3/3/2020 15:52,10,18.3,12.2,68,9,180,0
3/3/2020 16:00,9.94,18.3,12.2,68,9,180,0
3/3/2020 16:52,10,16.1,10.6,70,14,180,0
3/3/2020 17:52,10,16.1,10.6,70,15,200,0
3/3/2020 18:52,10,16.1,11.1,72,9,220,0
3/3/2020 19:00,9.94,16.1,11.1,72,9,220,0
3/3/2020 19:52,10,14.4,11.7,84,8,210,0.02
3/3/2020 20:52,10,15,11.1,78,11,250,0
3/3/2020 21:11,9,15.6,9.4,67,41,300,0
3/3/2020 21:13,7,14.4,8.3,67,36,310,0
3/3/2020 21:16,5,13.3,8.3,72,23,300,0
3/3/2020 21:24,8,13.3,8.3,72,18,290,0.02
3/3/2020 21:52,10,13.9,5,55,25,310,0.02
3/3/2020 22:00,9.94,13.9,5,55,25,310,0
3/3/2020 22:52,10,13.3,2.2,47,6,360,0
3/3/2020 23:52,10,12.8,2.2,49,7,260,0
3/4/2020 0:52,10,11.1,1.7,53,17,300,0
3/4/2020 1:00,9.94,11.1,1.7,53,17,300,0
3/4/2020 1:52,10,11.1,0.6,49,16,280,0
3/4/2020 2:52,10,10,0,50,11,280,0
3/4/2020 3:52,10,10,-1.1,46,9,280,0
3/4/2020 4:00,9.94,10,-1.1,46,9,280,0
3/4/2020 4:52,10,8.9,-1.1,50,5,190,0
3/4/2020 5:52,10,8.9,-1.1,50,8,210,0
3/4/2020 6:52,10,9.4,-1.1,48,9,260,0
3/4/2020 7:00,9.94,9.4,-1.1,48,9,260,0
3/4/2020 7:52,10,10.6,-1.7,43,9,280,0
3/4/2020 8:52,10,11.1,-1.7,41,6,280,0
3/4/2020 9:52,10,13.3,-3.3,32,9,270,0
3/4/2020 10:00,9.94,13.3,-3.3,32,9,270,0
3/4/2020 10:52,10,14.4,-4.4,27,20,300,0
3/4/2020 11:52,10,16.1,-4.4,24,9,280,0
3/4/2020 12:52,10,17.2,-3.9,24,16,300,0
3/4/2020 13:00,9.94,17.2,-3.9,24,16,300,0
3/4/2020 13:52,10,17.8,-2.8,25,13,220,0
3/4/2020 14:52,10,18.3,-4.4,21,10,360,0
3/4/2020 15:52,10,18.3,-3.9,22,18,230,0
3/4/2020 16:00,9.94,18.3,-3.9,22,18,230,0
3/4/2020 16:52,10,17.2,-3.9,24,11,200,0
3/4/2020 17:52,10,16.1,-3.3,26,15,190,0
3/4/2020 18:52,10,15,-2.8,29,11,200,0
3/4/2020 19:00,9.94,15,-2.8,29,11,200,0
3/4/2020 19:52,10,14.4,-2.8,31,8,220,0
3/4/2020 20:52,10,14.4,-3.3,29,7,240,0
3/4/2020 21:52,10,12.2,0,43,5,220,0
3/4/2020 22:00,9.94,12.2,0,43,5,220,0
3/4/2020 22:52,10,10,1.7,57,7,200,0
3/4/2020 23:52,10,11.7,-2.2,38,5,250,0
3/5/2020 0:52,10,12.2,-1.7,38,13,330,0
3/5/2020 1:00,9.94,12.2,-1.7,38,13,330,0
3/5/2020 1:52,10,11.1,1.1,50,17,330,0
3/5/2020 2:52,10,9.4,0.6,55,25,340,0
3/5/2020 3:52,10,7.8,-2.2,50,17,360,0
3/5/2020 4:00,9.94,7.8,-2.2,50,17,360,0
3/5/2020 4:52,10,6.7,-3.9,47,15,340,0
3/5/2020 5:52,10,5.6,-3.9,51,7,330,0
3/5/2020 6:52,10,5.6,-3.9,51,6,340,0
3/5/2020 7:00,9.94,5.6,-3.9,51,6,340,0
3/5/2020 7:52,10,7.2,-3.3,48,5,360,0
3/5/2020 8:52,10,8.3,-2.8,46,10,350,0
3/5/2020 9:52,10,9.4,-3.3,41,3,360,0
3/5/2020 10:00,9.94,9.4,-3.3,41,3,360,0
3/5/2020 10:52,10,9.4,-2.2,44,5,150,0
3/5/2020 11:52,10,10,-3.3,39,5,120,0
3/5/2020 12:52,10,11.1,-2.8,38,3,120,0
3/5/2020 13:00,9.94,11.1,-2.8,38,3,120,0
3/5/2020 13:52,10,11.7,-3.9,34,8,170,0
3/5/2020 14:52,10,11.7,-4.4,32,3,130,0
3/5/2020 15:52,10,11.7,-3.9,34,5,170,0
3/5/2020 16:00,9.94,11.7,-3.9,34,5,170,0
3/5/2020 16:52,10,11.1,-2.8,38,5,190,0
3/5/2020 17:52,10,10.6,-1.1,44,9,120,0
3/5/2020 18:52,10,9.4,-1.7,46,10,150,0
3/5/2020 19:00,9.94,9.4,-1.7,46,10,150,0
3/5/2020 19:52,10,8.3,-1.1,52,8,170,0
3/5/2020 20:52,10,7.2,0,61,7,180,0
3/5/2020 21:52,10,7.2,-1.7,54,3,140,0
3/5/2020 22:00,9.94,7.2,-1.7,54,3,140,0
3/5/2020 22:52,10,6.1,-1.1,60,6,170,0
3/5/2020 23:52,10,6.1,-1.1,60,3,130,0
3/6/2020 0:52,10,5,0,70,5,110,0
3/6/2020 1:00,9.94,5,0,70,5,110,0
3/6/2020 1:52,10,4.4,-1.1,68,5,140,0
3/6/2020 2:52,10,3.9,0,76,5,160,0
3/6/2020 3:52,10,5,1.1,76,10,150,0
3/6/2020 4:00,9.94,5,1.1,76,10,150,0
3/6/2020 4:52,10,4.4,-0.6,70,0,0,0
3/6/2020 5:52,10,4.4,0,73,0,0,0
3/6/2020 6:52,10,3.9,0.6,79,7,350,0
3/6/2020 7:00,9.94,3.9,0.6,79,7,350,0
3/6/2020 7:52,10,4.4,1.1,79,7,50,0
3/6/2020 8:52,10,5.6,1.1,73,5,40,0
3/6/2020 9:52,10,6.7,1.1,68,3,40,0
3/6/2020 10:00,9.94,6.7,1.1,68,3,40,0
3/6/2020 10:52,10,6.7,1.7,71,6,20,0
3/6/2020 11:52,10,7.8,1.1,63,10,350,0
3/6/2020 12:52,10,9.4,2.2,61,11,10,0
3/6/2020 13:00,9.94,9.4,2.2,61,11,10,0
3/6/2020 13:52,10,11.1,1.1,50,15,340,0
3/6/2020 14:52,10,10.6,0.6,50,10,350,0
3/6/2020 15:52,10,10.6,0,48,17,300,0
3/6/2020 16:00,9.94,10.6,0,48,17,300,0
3/6/2020 16:52,10,8.9,2.8,66,7,310,0
3/6/2020 17:52,10,8.9,-0.6,52,15,310,0
3/6/2020 18:52,10,8.3,-0.6,54,13,310,0
3/6/2020 19:00,9.94,8.3,-0.6,54,13,310,0
3/6/2020 19:52,10,7.8,-0.6,56,14,320,0
3/6/2020 20:52,10,7.2,-1.1,56,15,320,0
3/6/2020 21:52,10,7.2,-1.1,56,17,320,0
3/6/2020 22:00,9.94,7.2,-1.1,56,17,320,0
3/6/2020 22:52,10,7.2,-1.1,56,16,320,0
3/6/2020 23:52,10,6.7,-1.7,55,18,320,0
3/7/2020 0:52,10,6.1,-1.7,58,20,320,0
3/7/2020 1:00,9.94,6.1,-1.7,58,20,320,0
3/7/2020 1:52,10,6.1,-2.2,56,17,320,0
3/7/2020 2:52,10,5.6,-2.8,55,29,330,0
3/7/2020 3:52,10,5.6,-2.8,55,21,350,0
3/7/2020 4:00,9.94,5.6,-2.8,55,21,350,0
3/7/2020 4:52,10,5,-2.8,57,18,320,0
3/7/2020 5:52,10,3.9,-3.3,60,17,340,0
3/7/2020 6:52,10,4.4,-3.3,58,15,330,0
3/7/2020 7:00,9.94,4.4,-3.3,58,15,330,0
3/7/2020 7:52,10,4.4,-5,51,21,340,0
3/7/2020 8:52,10,6.1,-5,45,28,330,0
3/7/2020 9:52,10,6.1,-5,45,23,350,0
3/7/2020 10:00,9.94,6.1,-5,45,23,350,0
3/7/2020 10:52,10,7.8,-5,40,23,330,0
3/7/2020 11:52,10,8.9,-5.6,36,18,340,0
3/7/2020 12:52,10,10,-7.2,29,23,340,0
3/7/2020 13:00,9.94,10,-7.2,29,23,340,0
3/7/2020 13:40,10,10.6,-7.2,28,21,350,0
3/7/2020 13:52,10,10.6,-7.8,27,15,340,0
3/7/2020 14:52,10,11.7,-7.8,25,16,330,0
3/7/2020 15:52,10,11.1,-10,22,20,360,0
3/7/2020 16:00,9.94,11.1,-10,22,20,360,0
3/7/2020 16:52,10,11.1,-10.6,21,16,350,0
3/7/2020 17:52,10,8.9,-10.6,24,9,340,0
3/7/2020 18:52,10,8.9,-10,25,9,320,0
3/7/2020 19:00,9.94,8.9,-10,25,9,320,0
3/7/2020 19:52,10,8.3,-9.4,28,11,320,0
3/7/2020 20:52,10,7.2,-8.3,33,8,320,0
3/7/2020 21:52,10,7.2,-7.8,34,10,330,0
3/7/2020 22:00,9.94,7.2,-7.8,34,10,330,0
3/7/2020 22:52,10,6.7,-8.3,34,9,320,0
3/7/2020 23:52,10,6.7,-7.2,37,14,320,0
3/8/2020 0:52,10,5.6,-6.7,41,9,320,0
3/8/2020 1:00,9.94,5.6,-6.7,41,9,320,0
3/8/2020 1:52,10,3.9,-6.7,46,7,340,0
3/8/2020 2:52,10,4.4,-6.7,45,3,20,0
3/8/2020 3:52,10,3.9,-6.1,48,3,340,0
3/8/2020 4:00,9.94,3.9,-6.1,48,3,340,0
3/8/2020 4:52,10,3.3,-5.6,52,5,350,0
3/8/2020 5:52,10,3.9,-5,53,3,20,0
3/8/2020 6:52,10,3.3,-5,55,5,240,0
3/8/2020 7:00,9.94,3.3,-5,55,5,240,0
3/8/2020 7:52,10,5.6,-4.4,49,5,220,0
3/8/2020 8:52,10,7.2,-4.4,44,7,210,0
3/8/2020 9:52,10,9.4,-5,36,9,190,0
3/8/2020 10:00,9.94,9.4,-5,36,9,190,0
3/8/2020 10:52,10,11.7,-8.3,24,10,200,0
3/8/2020 11:52,10,12.8,-4.4,30,13,170,0
3/8/2020 12:52,10,13.3,-3.9,30,14,170,0
3/8/2020 13:00,9.94,13.3,-3.9,30,14,170,0
3/8/2020 13:52,10,14.4,-5,26,13,170,0
3/8/2020 14:52,10,15,-4.4,26,13,170,0
3/8/2020 15:52,10,16.1,-10.6,15,13,190,0
3/8/2020 16:00,9.94,16.1,-11.1,15,13,190,0
3/8/2020 16:52,10,15.6,-8.9,18,11,190,0
3/8/2020 17:52,10,13.3,-2.8,33,9,180,0
3/8/2020 18:52,10,11.7,-1.1,41,10,190,0
3/8/2020 19:00,9.94,12.2,-1.1,41,10,190,0
3/8/2020 19:52,10,11.1,-3.3,37,9,190,0
3/8/2020 20:52,10,10,-2.2,43,7,200,0
3/8/2020 21:52,10,10,-3.9,38,8,200,0
3/8/2020 22:00,9.94,10,-3.9,37,8,200,0
3/8/2020 22:52,10,9.4,0.6,55,10,190,0
3/8/2020 23:52,10,10.6,-3.9,36,8,200,0
3/9/2020 0:52,10,10,-2.8,41,10,190,0
3/9/2020 1:00,9.94,10,-2.8,41,10,190,0
3/9/2020 1:52,10,8.9,-1.7,48,9,180,0
3/9/2020 2:52,10,8.9,-2.2,46,7,190,0
3/9/2020 3:52,10,7.8,-1.7,51,8,190,0
3/9/2020 4:00,9.94,7.8,-1.7,51,8,190,0
3/9/2020 4:52,10,7.2,-1.7,54,7,200,0
3/9/2020 5:52,10,6.7,-1.1,58,7,200,0
3/9/2020 6:52,10,6.7,-1.1,58,6,220,0
3/9/2020 7:00,9.94,6.7,-1.1,58,6,220,0
3/9/2020 7:52,10,9.4,-1.1,48,7,200,0
3/9/2020 8:52,10,11.7,-1.1,41,9,200,0
3/9/2020 9:52,10,12.8,1.1,45,9,170,0
3/9/2020 10:00,9.94,12.8,1.1,45,9,170,0
3/9/2020 10:52,10,15,0.6,38,7,170,0
3/9/2020 11:52,10,16.7,1.7,37,7,170,0
3/9/2020 12:52,10,19.4,0.6,28,9,170,0
3/9/2020 13:00,9.94,19.4,0.6,28,9,170,0
3/9/2020 13:52,10,21.1,1.1,27,11,170,0
3/9/2020 14:52,10,21.7,0,24,11,170,0
3/9/2020 15:52,10,23.3,-3.9,16,9,180,0
3/9/2020 16:00,9.94,23.3,-3.9,16,9,180,0
3/9/2020 16:52,10,20,-0.6,25,11,190,0
3/9/2020 17:52,10,17.8,0.6,32,11,190,0
3/9/2020 18:52,10,16.7,-0.6,31,10,190,0
3/9/2020 19:00,9.94,16.7,-0.6,31,10,190,0
3/9/2020 19:52,10,18.3,-2.2,25,13,200,0
3/9/2020 20:52,10,17.2,-1.7,28,9,190,0
3/9/2020 21:52,10,16.7,-0.6,31,10,190,0
3/9/2020 22:00,9.94,16.7,-0.6,31,10,190,0
3/9/2020 22:52,10,15,1.7,41,9,190,0
3/9/2020 23:52,10,13.9,3.9,51,9,190,0
3/10/2020 0:52,10,13.9,4.4,53,6,180,0
3/10/2020 1:00,9.94,13.9,4.4,53,6,180,0
3/10/2020 1:52,10,15,5,51,10,200,0
3/10/2020 2:52,10,14.4,5.6,56,7,200,0
3/10/2020 3:52,10,12.2,6.7,69,8,170,0
3/10/2020 4:00,9.94,12.2,6.7,69,8,170,0
3/10/2020 4:52,10,12.2,7.2,72,9,180,0
3/10/2020 5:52,10,12.8,7.8,72,10,180,0
3/10/2020 6:52,10,14.4,7.2,62,11,210,0
3/10/2020 7:00,9.94,14.4,7.2,62,11,210,0
3/10/2020 7:52,10,13.3,9.4,77,8,200,0.01
3/10/2020 8:52,10,15,9.4,69,14,200,0
3/10/2020 9:52,10,15.6,10,70,17,200,0
3/10/2020 10:00,9.94,15.6,10,70,17,200,0
3/10/2020 10:52,10,16.7,10.6,67,17,200,0
3/10/2020 11:52,10,17.8,11.7,68,10,190,0
3/10/2020 12:52,10,19.4,10.6,57,20,220,0
3/10/2020 13:00,9.94,19.4,10.6,57,20,220,0
3/10/2020 13:52,10,21.7,10,47,23,210,0
3/10/2020 14:52,10,21.1,10,49,20,210,0
3/10/2020 15:52,10,21.7,10,47,17,210,0
3/10/2020 16:00,9.94,21.7,10,47,17,210,0
3/10/2020 16:52,10,21.1,10.6,51,15,210,0
3/10/2020 17:52,10,20.6,10.6,53,16,220,0
3/10/2020 18:52,10,20,10.6,55,13,220,0
3/10/2020 19:00,9.94,20,10.6,55,13,220,0
3/10/2020 19:52,10,18.9,10.6,59,10,210,0
3/10/2020 20:52,10,19.4,10.6,57,10,240,0
3/10/2020 21:18,9,16.7,12.8,78,16,320,0
3/10/2020 21:52,10,16.7,12.2,75,11,320,0
3/10/2020 22:00,9.94,16.7,12.2,75,11,320,0
3/10/2020 22:52,10,15.6,10,70,11,320,0
3/10/2020 23:52,10,14.4,8.3,67,14,320,0
3/11/2020 0:52,10,12.8,6.1,64,14,330,0
3/11/2020 1:00,9.94,12.8,6.1,64,14,330,0
3/11/2020 1:52,10,12.2,5.6,64,14,340,0
3/11/2020 2:52,10,11.1,5,66,17,350,0
3/11/2020 3:52,10,10,4.4,68,13,340,0
3/11/2020 4:00,9.94,10,4.4,68,13,340,0
3/11/2020 4:52,10,8.9,3.9,71,11,340,0
3/11/2020 5:52,10,8.3,3.9,74,8,360,0
3/11/2020 6:52,10,8.3,4.4,77,5,30,0
3/11/2020 7:52,10,10,3.9,66,8,360,0
3/11/2020 8:52,10,10.6,3.3,61,8,50,0
3/11/2020 9:52,10,11.7,2.8,55,6,50,0
3/11/2020 10:52,10,12.2,2.8,53,0,0,0
3/11/2020 11:10,10,12.2,2.8,53,0,0,0
3/11/2020 11:52,10,12.2,3.3,55,0,0,0
3/11/2020 12:52,10,12.2,3.3,55,6,20,0
3/11/2020 13:00,9.94,12.2,3.3,55,6,20,0
3/11/2020 13:52,10,12.8,3.9,55,7,10,0
3/11/2020 14:52,10,12.8,3.3,53,5,30,0
3/11/2020 15:52,10,13.3,4.4,55,5,20,0
3/11/2020 16:00,9.94,13.3,4.4,55,5,20,0
3/11/2020 16:52,10,12.2,5,62,7,50,0
3/11/2020 17:52,10,11.7,5,64,9,40,0
3/11/2020 18:52,10,11.1,3.3,59,9,40,0
3/11/2020 19:00,9.94,11.1,3.3,59,9,40,0
3/11/2020 19:52,10,10,3.9,66,7,60,0
3/11/2020 20:52,10,10.6,3.3,61,6,40,0
3/11/2020 21:52,10,10.6,3.3,61,5,30,0
3/11/2020 22:00,9.94,10.6,3.3,61,5,30,0
3/11/2020 22:52,10,10,3.9,66,5,60,0
3/11/2020 23:52,10,10,3.3,63,0,0,0
3/12/2020 0:52,10,8.9,3.9,71,3,50,0
3/12/2020 1:00,9.94,8.9,3.9,71,3,50,0
3/12/2020 1:52,10,9.4,3.9,69,5,40,0
3/12/2020 2:52,10,9.4,5,74,5,10,0
3/12/2020 3:52,10,9.4,4.4,71,7,50,0
3/12/2020 4:00,9.94,9.4,4.4,71,7,50,0
3/12/2020 4:52,10,8.9,5,77,6,40,0
3/12/2020 5:52,10,8.9,4.4,74,0,0,0
3/12/2020 6:06,10,8.9,5,77,3,50,0
3/12/2020 6:43,10,9.4,5,74,5,50,0
3/12/2020 6:52,10,9.4,5.6,77,6,40,0
3/12/2020 7:00,9.94,9.4,5.6,77,6,40,0
3/12/2020 7:52,10,10,5.6,74,6,50,0
3/12/2020 8:52,10,11.1,5.6,69,3,100,0
3/12/2020 9:52,10,12.2,5.6,64,6,130,0
3/12/2020 10:00,9.94,12.2,5.6,64,6,130,0
3/12/2020 10:52,10,13.9,6.1,60,9,110,0
3/12/2020 11:52,10,15,6.7,58,7,150,0
3/12/2020 12:06,10,15.6,7.2,58,6,130,0
3/12/2020 12:52,10,17.2,7.8,54,3,360,0
3/12/2020 13:00,9.94,17.2,7.8,54,3,360,0
3/12/2020 13:02,10,16.7,7.2,54,0,0,0
3/12/2020 13:52,10,17.2,7.2,52,7,110,0
3/12/2020 14:52,10,16.1,8.3,60,8,140,0
3/12/2020 14:59,10,16.1,8.3,60,8,140,0
3/12/2020 15:52,10,15.6,8.3,62,10,120,0
3/12/2020 16:00,9.94,15.6,8.3,62,10,120,0
3/12/2020 16:52,10,15,7.8,62,9,120,0
3/12/2020 17:52,10,13.3,7.8,70,10,90,0
3/12/2020 18:52,10,13.3,7.8,70,6,100,0
3/12/2020 19:00,9.94,13.3,7.8,70,6,100,0
3/12/2020 19:52,10,12.8,6.7,67,8,90,0
3/12/2020 20:52,10,12.2,6.7,69,7,110,0
3/12/2020 21:52,10,11.7,7.2,74,9,110,0
3/12/2020 22:00,9.94,11.7,7.2,74,9,110,0
3/12/2020 22:52,10,11.1,8.3,83,6,100,0
3/12/2020 23:15,10,11.1,8.3,83,6,90,0
3/12/2020 23:52,10,11.1,8.3,83,3,110,0
3/13/2020 0:05,10,11.1,8.9,86,3,90,0
3/13/2020 0:52,8,10.6,9.4,92,3,60,0.01
3/13/2020 1:07,6,10.6,9.4,92,6,70,0
3/13/2020 1:50,4,11.1,10,94,6,70,0.09
3/13/2020 1:52,5,10.6,10,96,6,80,0.08
3/13/2020 2:15,6,10.6,10,96,3,70,0.02
3/13/2020 2:52,5,10.6,10,96,0,0,0.07
3/13/2020 3:31,8,11.1,10.6,97,5,130,0.07
3/13/2020 3:50,10,11.1,11.1,100,5,150,0
3/13/2020 3:52,10,11.1,10.6,97,3,150,0.05
3/13/2020 4:00,9.94,11.1,10.6,97,3,150,0
3/13/2020 4:06,10,11.7,11.1,96,9,160,0
3/13/2020 4:50,10,12.2,12.2,100,6,230,0
3/13/2020 4:52,10,12.2,11.7,97,6,240,0.01
3/13/2020 5:06,10,12.8,11.7,93,6,250,0
3/13/2020 5:52,10,13.3,11.7,90,8,210,0
3/13/2020 5:58,10,13.3,12.2,93,7,220,0
3/13/2020 6:52,10,12.8,12.2,96,6,200,0
3/13/2020 7:30,10,13.3,12.2,93,6,210,0
3/13/2020 7:52,10,13.3,11.7,90,9,210,0
3/13/2020 8:07,7,13.3,12.2,93,6,230,0
3/13/2020 8:52,7,14.4,12.8,90,7,220,0
3/13/2020 9:32,10,16.1,13.3,84,3,250,0
3/13/2020 9:52,10,16.1,13.9,87,5,150,0
3/13/2020 10:00,9.94,16.1,13.9,87,5,150,0
3/13/2020 10:52,10,20.6,14.4,68,10,300,0
3/13/2020 11:52,10,21.7,12.8,57,15,290,0
3/13/2020 12:52,10,22.8,12.8,53,14,300,0
3/13/2020 13:00,9.94,22.8,12.8,53,14,300,0
3/13/2020 13:52,10,24.4,8.9,37,15,280,0
3/13/2020 14:52,10,24.4,7.2,33,13,280,0
3/13/2020 15:52,10,23.3,2.8,26,17,300,0
3/13/2020 16:00,9.94,23.3,2.8,26,17,300,0
3/13/2020 16:52,10,21.7,1.1,26,10,320,0
3/13/2020 17:52,10,20,-1.7,23,17,320,0
3/13/2020 18:52,10,18.9,-5.6,19,17,300,0
3/13/2020 19:00,9.94,18.9,-5.6,19,17,300,0
3/13/2020 19:52,10,17.8,-6.7,18,21,320,0
3/13/2020 20:52,10,16.7,-4.4,23,15,310,0
3/13/2020 21:52,10,15.6,-7.2,20,11,290,0
3/13/2020 22:00,9.94,15.6,-7.2,20,11,290,0
3/13/2020 22:52,10,15,-8.3,19,16,310,0
3/13/2020 23:52,10,13.9,-8.3,21,14,310,0
3/14/2020 0:52,10,12.8,-7.8,23,9,330,0
3/14/2020 1:52,10,11.7,-6.7,27,16,320,0
3/14/2020 2:52,10,10,-7.2,29,8,340,0
3/14/2020 3:52,10,9.4,-6.1,33,15,320,0
3/14/2020 4:52,10,9.4,-5.6,35,13,320,0
3/14/2020 5:52,10,8.3,-5,39,9,330,0
3/14/2020 6:52,10,8.3,-4.4,41,7,330,0
3/14/2020 7:52,10,9.4,-5,36,11,330,0
3/14/2020 8:52,10,10.6,-4.4,35,13,330,0
3/14/2020 9:52,10,11.1,-4.4,34,13,360,0
3/14/2020 10:00,9.94,11.1,-4.4,34,13,320,0
3/14/2020 10:52,10,12.2,-5.6,29,8,360,0
3/14/2020 11:52,10,13.3,-5.6,27,7,20,0
3/14/2020 12:52,10,13.3,-5.6,27,5,360,0
3/14/2020 13:00,9.94,13.3,-5.6,27,5,360,0
3/14/2020 13:52,10,13.9,-6.7,24,7,340,0
3/14/2020 14:52,10,14.4,-6.7,23,7,290,0
3/14/2020 15:52,10,13.9,-7.2,23,13,330,0
3/14/2020 16:00,9.94,13.9,-7.2,23,13,330,0
3/14/2020 16:52,10,13.3,-6.7,24,11,350,0
3/14/2020 17:52,10,12.2,-7.2,25,8,350,0
3/14/2020 18:52,10,10.6,-2.2,41,21,340,0
3/14/2020 19:00,9.94,10.6,-2.2,41,21,340,0
3/14/2020 19:52,10,7.8,2.8,71,10,360,0.02
3/14/2020 20:52,10,7.8,3.3,73,14,360,0.03
3/14/2020 21:52,10,7.2,4.4,83,13,350,0.02
3/14/2020 22:00,9.94,7.2,4.4,83,13,350,0
3/14/2020 22:52,9,6.7,3.9,83,14,20,0.02
3/14/2020 23:52,10,5.6,3.9,89,15,20,0.03
3/15/2020 0:52,10,5.6,3.9,89,11,30,0.01
3/15/2020 1:00,9.94,5.6,3.9,89,11,30,0
3/15/2020 1:27,10,5.6,3.9,89,10,30,0.01
3/15/2020 1:39,10,5,3.3,89,13,40,0.01
3/15/2020 1:52,10,5,3.3,89,13,30,0
3/15/2020 2:50,10,5,2.8,87,11,40,0
3/15/2020 2:52,10,5,3.9,93,11,40,0.01
3/15/2020 3:20,10,5,3.9,93,10,50,0
3/15/2020 3:52,6,5,3.9,93,11,50,0.01
3/15/2020 4:00,5.59,5,3.9,93,11,50,0
3/15/2020 4:52,8,5,3.9,93,8,60,0
3/15/2020 5:52,10,5,3.9,93,10,40,0
3/15/2020 6:52,10,5.6,3.9,89,7,30,0.01
3/15/2020 7:00,9.94,5.6,3.9,89,7,30,0
3/15/2020 7:49,9,6.1,3.9,87,11,40,0
3/15/2020 7:52,9,5.6,3.9,89,10,20,0
3/15/2020 8:52,10,6.1,3.9,86,11,20,0
3/15/2020 9:12,10,6.1,3.9,86,10,30,0
3/15/2020 9:52,10,6.7,3.9,83,13,20,0
3/15/2020 10:00,9.94,6.7,3.9,83,13,20,0
3/15/2020 10:52,10,7.8,3.9,77,10,30,0
3/15/2020 11:52,10,8.9,3.9,71,11,60,0
3/15/2020 12:52,10,9.4,3.3,66,6,40,0
3/15/2020 12:59,10,9.4,2.8,64,10,70,0
3/15/2020 13:00,9.94,9.4,3.3,66,6,40,0
3/15/2020 13:06,10,9.4,2.8,64,6,50,0
3/15/2020 13:52,10,9.4,2.2,61,7,40,0
3/15/2020 13:57,10,9.4,2.2,61,6,360,0
3/15/2020 14:52,10,10,1.7,57,0,0,0
3/15/2020 15:52,10,10,1.1,54,0,0,0
3/15/2020 16:00,9.94,10,1.1,54,0,0,0
3/15/2020 16:52,10,10,1.7,57,3,70,0
3/15/2020 17:52,10,10,0.6,52,0,0,0
3/15/2020 18:52,10,8.9,1.1,58,6,290,0
3/15/2020 19:00,9.94,8.9,1.1,58,6,290,0
3/15/2020 19:52,10,7.2,1.7,68,5,270,0
3/15/2020 20:52,10,7.8,2.2,68,0,0,0
3/15/2020 21:52,10,7.2,1.7,68,3,200,0
3/15/2020 22:00,9.94,7.2,1.7,68,3,200,0
3/15/2020 22:52,10,6.1,2.2,76,0,0,0
3/15/2020 23:52,10,6.1,1.7,74,0,0,0
3/16/2020 0:52,10,4.4,2.8,89,9,360,0
3/16/2020 1:00,9.94,4.4,2.8,89,9,360,0
3/16/2020 1:52,10,5,0.6,73,7,20,0
3/16/2020 2:52,10,5,-1.7,62,9,40,0
3/16/2020 3:52,10,5,-1.1,65,9,30,0
3/16/2020 4:00,9.94,5,-1.1,65,9,30,0
3/16/2020 4:52,10,3.9,-0.6,73,7,30,0
3/16/2020 5:52,10,3.3,-1.1,73,9,10,0
3/16/2020 6:01,10,3.9,-2.2,65,10,20,0
3/16/2020 6:22,10,3.9,-3.3,60,10,30,0
3/16/2020 6:52,10,3.9,-4.4,55,10,30,0
3/16/2020 7:00,9.94,3.9,-4.4,55,10,30,0
3/16/2020 7:52,10,5.6,-2.2,58,6,50,0
3/16/2020 8:52,10,7.8,2.2,68,6,90,0
3/16/2020 9:52,10,9.4,0,52,7,100,0
3/16/2020 10:00,9.94,9.4,0,52,7,100,0
3/16/2020 10:52,10,10.6,0,48,7,130,0
3/16/2020 11:52,10,11.7,0,45,7,160,0
3/16/2020 12:52,10,12.8,-0.6,40,7,360,0
3/16/2020 13:00,9.94,12.8,-0.6,40,7,360,0
3/16/2020 13:52,10,12.2,-1.1,40,7,100,0
3/16/2020 14:52,10,12.2,-1.1,40,8,100,0
3/16/2020 15:52,10,11.7,0,45,10,140,0
3/16/2020 16:00,9.94,11.7,0,45,10,140,0
3/16/2020 16:52,10,11.1,0.6,49,13,140,0
3/16/2020 17:52,10,11.1,1.1,50,13,130,0
3/16/2020 18:52,10,10,1.7,57,15,140,0
3/16/2020 19:00,9.94,10,1.7,57,15,140,0
3/16/2020 19:52,10,9.4,2.2,61,14,140,0
3/16/2020 20:52,10,8.9,2.8,66,8,120,0
3/16/2020 21:52,10,8.3,1.7,63,13,130,0
3/16/2020 22:00,9.94,8.3,1.7,63,13,130,0
3/16/2020 22:52,10,7.8,2.2,68,9,130,0
3/16/2020 23:52,10,7.8,2.2,68,7,120,0
3/17/2020 0:52,10,7.8,2.8,71,6,140,0
3/17/2020 1:00,9.94,7.8,2.8,71,6,140,0
3/17/2020 1:52,10,7.2,2.8,74,6,150,0
3/17/2020 2:42,10,7.2,2.8,74,7,160,0
3/17/2020 2:52,10,7.2,2.8,74,6,150,0
3/17/2020 3:52,10,7.2,3.3,77,7,140,0
3/17/2020 4:00,9.94,7.2,3.3,77,7,140,0
3/17/2020 4:52,10,6.7,3.3,79,7,160,0
3/17/2020 5:21,10,6.7,4.4,85,7,140,0
3/17/2020 5:47,10,7.2,3.9,81,6,140,0
3/17/2020 5:52,10,6.7,4.4,85,6,160,0
3/17/2020 6:16,10,7.2,4.4,83,3,160,0
3/17/2020 6:52,10,7.2,4.4,83,7,170,0
3/17/2020 7:00,9.94,7.2,4.4,83,7,170,0
3/17/2020 7:52,10,7.2,5,86,6,190,0.01
3/17/2020 8:52,10,8.3,5.6,83,7,180,0
3/17/2020 9:50,10,8.9,6.1,82,7,180,0
3/17/2020 9:52,10,8.9,6.1,83,8,170,0
3/17/2020 10:00,9.94,8.9,6.1,83,8,170,0
3/17/2020 10:08,10,9.4,6.1,80,7,180,0
3/17/2020 10:52,10,10.6,6.7,77,8,170,0
3/17/2020 11:52,10,12.8,6.7,67,7,240,0
3/17/2020 12:52,10,13.9,7.8,67,10,170,0
3/17/2020 13:00,9.94,13.9,7.8,67,10,170,0
3/17/2020 13:52,10,14.4,7.8,65,9,170,0
3/17/2020 14:52,10,16.7,8.3,58,6,150,0
3/17/2020 15:52,10,16.7,8.3,58,5,180,0
3/17/2020 16:00,9.94,16.7,8.3,58,5,180,0
3/17/2020 16:52,10,17.2,8.3,56,3,190,0
3/17/2020 17:52,10,16.7,8.3,58,10,350,0
3/17/2020 18:52,10,16.7,8.3,58,8,340,0
3/17/2020 19:00,9.94,16.7,8.3,58,8,340,0
3/17/2020 19:52,10,15,7.2,60,16,340,0
3/17/2020 20:52,10,13.9,6.1,60,13,330,0
3/17/2020 21:52,10,12.2,5.6,64,9,320,0
3/17/2020 22:00,9.94,12.2,5.6,64,9,320,0
3/17/2020 22:52,10,11.1,3.9,61,15,340,0
3/17/2020 23:52,10,10,3.3,63,13,350,0
3/18/2020 0:52,10,9.4,4.4,71,8,20,0
3/18/2020 1:00,9.94,9.4,4.4,71,8,20,0
3/18/2020 1:52,10,8.9,2.8,66,11,360,0
3/18/2020 2:52,10,8.9,2.2,63,9,20,0
3/18/2020 3:52,10,8.3,1.1,61,14,20,0
3/18/2020 4:00,9.94,8.3,1.1,61,14,20,0
3/18/2020 4:52,10,7.8,1.1,63,11,30,0
3/18/2020 5:52,10,7.2,0.6,63,11,30,0
3/18/2020 6:52,10,7.2,1.1,66,8,40,0
3/18/2020 7:00,9.94,7.2,1.1,66,8,40,0
3/18/2020 7:52,10,8.3,0.6,59,9,50,0
3/18/2020 8:52,10,9.4,0,52,9,60,0
3/18/2020 9:52,10,11.1,0.6,49,10,100,0
3/18/2020 10:00,9.94,11.1,0.6,49,10,100,0
3/18/2020 10:52,10,12.2,-0.6,42,7,120,0
3/18/2020 11:52,10,12.8,0,42,5,110,0
3/18/2020 12:52,10,12.8,0.6,44,6,190,0
3/18/2020 13:00,9.94,12.8,0.6,44,6,190,0
3/18/2020 13:52,10,13.9,1.7,44,8,150,0
3/18/2020 14:52,10,13.9,2.2,45,8,170,0
3/18/2020 15:52,10,13.9,2.8,47,6,190,0
3/18/2020 16:00,9.94,13.9,2.8,47,6,190,0
3/18/2020 16:52,10,13.9,3.3,49,10,170,0
3/18/2020 17:52,10,12.8,3.9,55,10,150,0
3/18/2020 18:52,10,12.2,4.4,59,9,170,0
3/18/2020 19:00,9.94,12.2,4.4,59,9,170,0
3/18/2020 19:18,6,11.1,6.1,72,8,150,0.01
3/18/2020 19:21,7,11.1,6.1,72,10,160,0.01
3/18/2020 19:52,10,11.1,6.1,72,13,160,0.01
3/18/2020 20:52,10,11.1,5.6,69,9,160,0
3/18/2020 21:52,10,11.1,6.1,72,11,170,0
3/18/2020 22:00,9.94,11.1,6.1,72,11,170,0
3/18/2020 22:52,9,10,7.2,83,7,150,0.02
3/18/2020 23:33,9,10,8.3,89,9,170,0.04
3/18/2020 23:52,8,10,8.3,89,10,170,0.05
3/19/2020 0:52,10,10,8.3,89,10,170,0.01
3/19/2020 1:00,9.94,10,8.3,89,10,170,0
3/19/2020 1:35,5,10,8.3,89,8,200,0.05
3/19/2020 1:44,5,10,8.9,93,9,200,0.07
3/19/2020 1:52,5,9.4,8.9,97,8,200,0.1
3/19/2020 2:14,6,9.4,8.9,97,8,230,0.04
3/19/2020 2:50,5,8.9,8.9,100,7,250,0
3/19/2020 2:52,6,10,8.9,93,7,270,0.13
3/19/2020 3:29,8,10,8.9,93,5,160,0.07
3/19/2020 3:52,8,10,8.9,93,8,190,0.07
3/19/2020 4:00,7.46,10,8.9,93,8,190,0
3/19/2020 4:15,10,10,8.9,93,10,200,0
3/19/2020 4:52,7,10,9.4,96,6,200,0.02
3/19/2020 5:24,10,10,9.4,96,8,190,0
3/19/2020 5:52,10,10,9.4,96,9,180,0
3/19/2020 6:04,9,10,9.4,96,8,200,0
3/19/2020 6:52,4,10.6,10,96,9,200,0
3/19/2020 7:00,3.73,10.6,10,96,9,200,0
3/19/2020 7:52,5,11.7,10.6,93,7,200,0
3/19/2020 8:52,6,12.2,11.1,93,6,210,0
3/19/2020 9:24,6,12.8,11.1,90,0,0,0
3/19/2020 9:52,6,13.3,11.7,90,3,140,0
3/19/2020 10:00,5.59,13.3,11.7,90,3,140,0
3/19/2020 10:27,7,13.9,11.7,87,5,130,0
3/19/2020 10:52,7,15,12.2,83,3,80,0
3/19/2020 11:04,8,15,12.2,83,3,90,0
3/19/2020 11:52,9,16.7,12.8,78,3,60,0
3/19/2020 12:52,10,18.9,13.9,73,0,0,0
3/19/2020 13:00,9.94,18.9,13.9,73,0,0,0
3/19/2020 13:52,10,20.6,13.9,66,5,20,0
3/19/2020 14:52,10,21.7,14.4,63,3,120,0
3/19/2020 15:52,10,23.3,14.4,57,5,30,0
3/19/2020 16:00,9.94,23.3,14.4,57,5,30,0
3/19/2020 16:52,10,20.6,14.4,68,11,100,0
3/19/2020 17:52,10,18.9,13.9,73,10,90,0
3/19/2020 18:52,10,17.8,13.3,75,5,90,0
3/19/2020 19:00,9.94,17.8,13.3,75,5,90,0
3/19/2020 19:52,10,16.7,13.9,84,9,40,0
3/19/2020 20:52,10,15.6,12.8,84,7,50,0
3/19/2020 21:52,9,15,12.8,87,6,40,0
3/19/2020 22:00,8.7,15,12.8,87,6,40,0
3/19/2020 22:52,8,14.4,12.8,90,5,40,0
3/19/2020 23:52,8,15,13.3,90,0,0,0
3/20/2020 0:52,7,14.4,13.3,93,3,30,0
3/20/2020 1:00,6.84,14.4,13.3,93,3,30,0
3/20/2020 1:52,7,15,13.9,93,0,0,0
3/20/2020 2:52,7,15,13.3,90,0,0,0
3/20/2020 3:52,6,14.4,13.3,93,3,190,0
3/20/2020 4:00,5.59,14.4,13.3,93,3,190,0
3/20/2020 4:52,10,16.1,14.4,90,6,190,0
3/20/2020 5:52,10,17.2,15,87,9,180,0
3/20/2020 6:52,10,19.4,15.6,79,11,200,0
3/20/2020 7:00,9.94,19.4,15.6,79,11,200,0
3/20/2020 7:52,10,21.1,16.1,73,11,200,0
3/20/2020 8:52,10,21.7,16.1,71,16,210,0
3/20/2020 9:52,10,22.8,16.7,69,17,200,0
3/20/2020 9:54,10,22.8,16.7,69,15,200,0
3/20/2020 10:00,9.94,22.8,16.7,69,17,200,0
3/20/2020 10:52,10,20.6,15.6,73,14,180,0
3/20/2020 11:52,7,23.3,16.7,67,13,220,0.01
3/20/2020 12:52,10,23.9,16.1,62,20,220,0.01
3/20/2020 13:00,9.94,23.9,16.1,62,20,220,0
3/20/2020 13:52,10,26.7,14.4,47,17,230,0
3/20/2020 14:52,10,27.2,13.3,42,25,220,0
3/20/2020 15:52,10,27.8,13.9,42,23,220,0
3/20/2020 16:00,9.94,27.8,13.9,42,23,220,0
3/20/2020 16:52,10,27.2,13.3,42,24,230,0
3/20/2020 17:52,10,26.7,12.2,41,18,230,0
3/20/2020 18:52,10,26.1,12.2,42,14,230,0
3/20/2020 19:00,9.94,26.1,12.2,42,14,230,0
3/20/2020 19:52,10,25.6,11.7,42,14,230,0
3/20/2020 20:52,10,25,10.6,40,10,240,0
3/20/2020 21:52,10,23.3,11.1,46,8,330,0
3/20/2020 22:00,9.94,23.3,11.1,46,8,330,0
3/20/2020 22:52,10,21.7,12.2,55,11,330,0
3/20/2020 23:52,10,20,12.2,61,7,340,0
3/21/2020 0:52,10,20.6,12.2,59,7,310,0
3/21/2020 1:00,9.94,20.6,12.2,59,7,310,0
3/21/2020 1:52,10,17.8,13.3,75,13,330,0
3/21/2020 2:52,10,16.1,10.6,70,16,330,0.02
3/21/2020 3:52,7,13.3,10.6,84,14,350,0.05
3/21/2020 4:00,6.84,13.3,10.6,84,14,350,0
3/21/2020 4:52,10,12.2,6.1,67,17,350,0
3/21/2020 5:52,10,10.6,5.6,71,15,340,0.01
3/21/2020 6:52,10,10.6,4.4,66,20,10,0
3/21/2020 7:00,9.94,10.6,4.4,66,20,10,0
3/21/2020 7:52,10,10,2.2,59,18,360,0
3/21/2020 8:52,10,9.4,1.7,59,18,360,0
3/21/2020 9:52,10,11.1,1.7,53,10,10,0
3/21/2020 10:00,9.94,11.1,1.7,53,10,10,0
3/21/2020 10:52,10,12.2,1.7,49,10,10,0
3/21/2020 11:52,10,12.2,1.1,47,14,330,0
3/21/2020 12:52,10,10.6,0.6,50,14,360,0
3/21/2020 13:00,9.94,10.6,0.6,50,14,360,0
3/21/2020 13:52,10,10.6,-0.6,46,8,30,0
3/21/2020 14:52,10,11.1,-0.6,45,8,350,0
3/21/2020 15:52,10,11.1,-0.6,45,9,10,0
3/21/2020 16:00,9.94,11.1,-0.6,45,9,10,0
3/21/2020 16:52,10,11.1,-0.6,45,9,360,0
3/21/2020 17:52,10,10.6,-0.6,46,9,10,0
3/21/2020 18:52,10,10.6,-0.6,46,3,20,0
3/21/2020 19:00,9.94,10.6,-0.6,46,3,20,0
3/21/2020 19:52,10,10.6,-0.6,46,8,40,0
3/21/2020 20:52,10,10,-0.6,48,11,20,0
3/21/2020 21:52,10,9.4,-1.7,46,10,10,0
3/21/2020 22:00,9.94,9.4,-1.7,46,10,10,0
3/21/2020 22:52,10,8.9,-2.8,44,10,360,0
3/21/2020 23:52,10,8.9,-3.3,42,11,30,0
3/22/2020 0:52,10,7.8,-3.3,46,9,40,0
3/22/2020 1:00,9.94,7.8,-3.3,46,9,40,0
3/22/2020 1:52,10,7.8,-3.9,44,11,10,0
3/22/2020 2:52,10,7.2,-3.9,46,10,20,0
3/22/2020 3:52,10,6.7,-5,43,13,360,0
3/22/2020 4:00,9.94,6.7,-5,43,13,360,0
3/22/2020 4:52,10,6.1,-5,45,14,30,0
3/22/2020 5:52,10,5,-6.1,45,14,20,0
3/22/2020 6:52,10,4.4,-6.1,47,13,10,0
3/22/2020 7:00,9.94,4.4,-6.1,47,13,10,0
3/22/2020 7:52,10,5,-6.1,45,16,30,0
3/22/2020 8:52,10,6.7,-5.6,41,8,30,0
3/22/2020 8:57,10,6.1,-5.6,43,11,40,0
3/22/2020 9:52,10,7.2,-4.4,44,7,40,0
3/22/2020 10:00,9.94,7.2,-4.4,44,7,40,0
3/22/2020 10:52,10,8.9,-4.4,39,7,10,0
3/22/2020 11:52,10,10,-2.8,41,9,50,0
3/22/2020 12:52,10,10.6,-2.8,39,7,90,0
3/22/2020 13:00,9.94,10.6,-2.8,39,7,90,0
3/22/2020 13:52,10,11.1,-2.8,38,6,110,0
3/22/2020 14:52,10,11.1,-2.2,40,8,90,0
3/22/2020 15:52,10,11.1,-0.6,45,9,120,0
3/22/2020 16:00,9.94,11.1,-0.6,45,9,120,0
3/22/2020 16:52,10,10,1.1,54,11,110,0
3/22/2020 17:52,10,9.4,2.8,64,14,110,0
3/22/2020 18:52,10,8.9,2.8,66,14,110,0
3/22/2020 19:00,9.94,8.9,2.8,66,14,110,0
3/22/2020 19:52,10,8.3,2.8,69,20,100,0
3/22/2020 20:52,10,7.8,2.2,68,14,110,0
3/22/2020 21:52,10,7.2,2.2,71,15,120,0
3/22/2020 22:00,9.94,7.2,2.2,71,15,120,0
3/22/2020 22:52,10,7.2,2.8,74,15,90,0
3/22/2020 23:52,10,7.2,2.8,74,10,100,0
3/23/2020 0:50,9,7.2,2.8,76,11,90,0
3/23/2020 0:52,8,6.7,3.3,79,9,90,0.01
3/23/2020 1:00,7.46,6.7,3.3,79,9,90,0
3/23/2020 1:38,9,6.1,3.9,86,9,70,0.04
3/23/2020 1:52,10,6.1,3.3,82,10,80,0.05
3/23/2020 2:29,7,6.1,3.9,86,9,70,0.03
3/23/2020 2:52,10,5.6,3.3,85,13,80,0.03
3/23/2020 2:59,10,5.6,3.9,89,11,90,0
3/23/2020 3:50,10,6.1,2.8,81,11,70,0
3/23/2020 3:52,10,5.6,3.3,85,13,80,0
3/23/2020 4:00,9.94,5.6,3.3,85,13,80,0
3/23/2020 4:50,7,6.1,3.9,87,13,50,0
3/23/2020 4:52,7,5.6,3.9,89,14,50,0.01
3/23/2020 5:52,5,5.6,3.9,89,14,60,0.03
3/23/2020 6:52,6,5.6,3.9,89,9,60,0
3/23/2020 7:00,5.59,5.6,3.9,89,9,60,0
3/23/2020 7:07,2.5,5.6,3.9,89,11,70,0.01
3/23/2020 7:12,1.25,5.6,4.4,92,8,50,0.02
3/23/2020 7:32,1.25,5.6,4.4,92,8,50,0.05
3/23/2020 7:52,1.5,5.6,4.4,92,8,10,0.1
3/23/2020 8:12,1.25,5.6,4.4,92,9,40,0.06
3/23/2020 8:21,2,5.6,4.4,92,8,20,0.08
3/23/2020 8:23,1.5,5.6,4.4,92,8,20,0.08
3/23/2020 8:43,2,5,4.4,96,8,10,0.09
3/23/2020 8:52,2,5.6,4.4,92,9,10,0.07
3/23/2020 8:59,2,5.6,4.4,92,9,360,0.01
3/23/2020 9:04,2,5.6,4.4,92,9,10,0.01
3/23/2020 9:39,2.5,5.6,4.4,92,10,350,0.02
3/23/2020 9:50,3,6.1,3.9,87,11,350,0.02
3/23/2020 9:52,3,5.6,4.4,92,10,360,0.02
3/23/2020 9:58,4,5.6,4.4,92,9,10,0
3/23/2020 10:00,2.98,5.6,4.4,92,10,360,0
3/23/2020 10:13,2.5,6.1,5,93,9,20,0
3/23/2020 10:29,3,6.7,5.6,93,6,10,0
3/23/2020 10:39,3,6.1,5,93,8,10,0
3/23/2020 10:52,4,6.7,5,89,7,360,0
3/23/2020 11:52,7,6.7,5.6,93,9,360,0
3/23/2020 12:24,7,7.2,5.6,90,9,330,0
3/23/2020 12:34,10,6.7,5.6,93,10,340,0
3/23/2020 12:50,5,7.2,6.1,93,8,360,0
3/23/2020 12:52,5,7.2,6.1,93,8,350,0
3/23/2020 13:00,4.97,7.2,6.1,93,8,350,0
3/23/2020 13:28,10,7.8,6.1,89,5,330,0
3/23/2020 13:52,10,7.8,5.6,86,3,350,0.01
3/23/2020 13:54,10,7.8,5.6,86,3,330,0
3/23/2020 14:02,8,7.8,5.6,86,5,290,0.01
3/23/2020 14:11,4,7.8,5.6,86,7,330,0.03
3/23/2020 14:52,10,7.8,5.6,86,10,320,0.02
3/23/2020 15:52,10,7.8,6.1,89,11,330,0.01
3/23/2020 16:00,9.94,7.8,6.1,89,11,330,0
3/23/2020 16:52,10,7.8,5.6,86,11,320,0
3/23/2020 17:39,10,7.8,5,83,7,280,0
3/23/2020 17:52,10,7.8,5,83,5,280,0
3/23/2020 18:52,10,7.8,5,83,6,270,0
3/23/2020 19:00,9.94,7.8,5,83,6,270,0
3/23/2020 19:52,10,7.2,5,86,6,260,0
3/23/2020 20:10,10,7.2,4.4,83,3,260,0
3/23/2020 20:52,10,6.7,4.4,85,3,250,0
3/23/2020 21:17,10,7.2,5,86,5,240,0
3/23/2020 21:52,10,6.7,5,89,5,230,0
3/23/2020 21:59,10,7.2,5,86,5,240,0
3/23/2020 22:00,9.94,6.7,5,89,5,230,0
3/23/2020 22:52,10,6.7,5,89,5,230,0
3/23/2020 23:52,10,6.7,5.6,93,0,0,0
3/24/2020 0:52,10,7.2,5.6,90,0,0,0
3/24/2020 1:00,9.94,7.2,5.6,90,0,0,0
3/24/2020 1:52,10,7.8,5,83,6,310,0
3/24/2020 2:52,10,7.8,5,83,6,300,0
3/24/2020 3:52,10,7.8,5,83,7,350,0
3/24/2020 4:00,9.94,7.8,5,83,7,350,0
3/24/2020 4:52,10,7.2,4.4,83,3,280,0
3/24/2020 5:52,10,6.7,4.4,85,5,320,0
3/24/2020 6:52,10,8.3,5,80,7,320,0
3/24/2020 7:00,9.94,8.3,5,80,7,320,0
3/24/2020 7:52,10,8.3,5,80,8,320,0
3/24/2020 8:50,10,8.9,3.9,71,6,310,0
3/24/2020 8:52,10,8.9,4.4,74,6,360,0
3/24/2020 9:52,10,9.4,4.4,71,7,320,0
3/24/2020 10:00,9.94,9.4,4.4,71,7,320,0
3/24/2020 10:17,10,9.4,3.9,69,6,300,0
3/24/2020 10:52,10,10,3.9,66,7,330,0
3/24/2020 11:52,10,11.1,3.9,61,8,340,0
3/24/2020 12:52,10,11.1,3.9,61,6,270,0
3/24/2020 13:00,9.94,11.1,3.9,61,6,270,0
3/24/2020 13:52,10,11.7,3.9,59,5,110,0
3/24/2020 14:52,10,12.2,3.3,55,5,40,0
3/24/2020 15:52,10,12.8,3.9,55,3,70,0
3/24/2020 16:00,9.94,12.8,3.9,55,3,70,0
3/24/2020 16:52,10,11.7,3.9,59,0,0,0
3/24/2020 17:52,10,11.7,5,64,3,120,0
3/24/2020 18:52,10,11.1,5,66,16,120,0
3/24/2020 19:00,9.94,11.1,5,66,16,120,0
3/24/2020 19:52,10,10,4.4,68,11,120,0
3/24/2020 20:52,10,10,3.9,66,8,140,0
3/24/2020 21:52,10,10,3.9,66,5,160,0
3/24/2020 22:00,9.94,10,3.9,66,5,160,0
3/24/2020 22:52,10,9.4,4.4,71,7,130,0
3/24/2020 23:52,10,9.4,5,74,5,50,0
3/25/2020 0:52,10,8.9,5.6,80,6,130,0
3/25/2020 1:00,9.94,8.9,5.6,80,6,130,0
3/25/2020 1:52,10,8.9,6.7,86,10,110,0
3/25/2020 2:20,10,8.9,6.1,83,9,110,0
3/25/2020 2:39,10,8.9,5.6,80,13,100,0
3/25/2020 2:52,10,8.9,6.1,83,10,90,0
3/25/2020 3:52,10,8.3,5.6,83,9,80,0
3/25/2020 4:00,9.94,8.3,5.6,83,9,80,0
3/25/2020 4:52,10,7.8,5,83,9,70,0.01
3/25/2020 5:52,4,7.2,5.6,90,11,60,0.03
3/25/2020 6:12,4,6.7,5.6,93,10,70,0.04
3/25/2020 6:52,9,7.2,5.6,90,8,50,0.04
3/25/2020 7:00,8.7,7.2,5.6,90,8,50,0
3/25/2020 7:52,10,7.8,6.1,89,11,30,0
3/25/2020 8:52,7,8.3,6.7,90,11,20,0.01
3/25/2020 9:03,1.75,8.3,6.7,90,13,20,0
3/25/2020 9:15,1.5,8.3,6.7,90,13,20,0
3/25/2020 9:38,2,7.8,6.7,93,14,10,0.01
3/25/2020 9:52,2,8.3,7.2,93,14,10,0.03
3/25/2020 10:00,1.99,8.3,7.2,93,14,10,0
3/25/2020 10:12,1.75,8.3,7.2,93,13,360,0
3/25/2020 10:40,2,8.3,7.2,93,16,20,0.07
3/25/2020 10:50,2,7.8,7.2,93,14,10,0
3/25/2020 10:52,2,8.3,7.2,93,11,10,0.08
3/25/2020 11:05,3,8.3,7.2,93,17,10,0.01
3/25/2020 11:22,5,8.9,7.2,89,14,10,0.04
3/25/2020 11:52,7,8.9,6.7,86,18,20,0.05
3/25/2020 12:24,5,9.4,7.2,86,16,20,0.03
3/25/2020 12:52,9,10,7.8,86,15,20,0.03
3/25/2020 13:00,8.7,10,7.8,86,15,20,0
3/25/2020 13:52,10,10,7.2,83,16,20,0
3/25/2020 14:52,10,10,7.2,83,13,30,0
3/25/2020 15:21,5,9.4,7.2,86,15,350,0
3/25/2020 15:36,5,8.9,7.8,93,13,340,0
3/25/2020 15:48,3,7.8,7.2,93,14,350,0.01
3/25/2020 15:52,4,8.3,7.2,93,14,350,0.01
3/25/2020 15:58,4,8.3,7.8,97,11,350,0
3/25/2020 16:00,3.73,8.3,7.2,93,14,350,0
3/25/2020 16:01,4,8.3,7.8,97,13,360,0
3/25/2020 16:03,4,8.3,7.2,93,14,360,0
3/25/2020 16:37,10,8.9,7.2,89,13,10,0
3/25/2020 16:52,10,8.9,7.2,89,11,360,0
3/25/2020 17:52,10,8.9,6.7,86,13,10,0
3/25/2020 17:59,10,8.9,6.7,86,11,10,0
3/25/2020 18:09,10,8.3,6.7,90,13,360,0
3/25/2020 18:20,10,8.3,6.7,90,13,10,0
3/25/2020 18:22,10,8.3,6.7,90,14,10,0
3/25/2020 18:25,10,8.3,6.7,90,13,10,0
3/25/2020 18:52,8,8.3,6.7,90,13,10,0
3/25/2020 19:00,7.46,8.3,6.7,90,13,10,0
3/25/2020 19:40,6,8.3,6.7,90,9,10,0
3/25/2020 19:46,7,7.8,7.2,93,9,10,0
3/25/2020 19:52,9,8.3,6.1,86,10,10,0
3/25/2020 20:52,10,8.3,5.6,83,8,20,0
3/25/2020 21:40,10,8.3,5.6,83,8,10,0
3/25/2020 21:50,10,7.8,6.1,87,8,20,0
3/25/2020 21:52,10,8.3,5.6,83,7,10,0
3/25/2020 22:00,9.94,8.3,5.6,83,7,10,0
3/25/2020 22:45,10,8.3,5.6,83,6,10,0
3/25/2020 22:52,10,8.3,5.6,83,5,10,0
3/25/2020 23:25,10,7.8,5.6,86,5,340,0
3/25/2020 23:52,10,8.3,5,80,6,10,0
3/26/2020 0:10,10,8.3,5,80,5,330,0
3/26/2020 0:42,10,7.8,5.6,86,7,350,0
3/26/2020 0:50,10,7.8,6.1,87,7,340,0
3/26/2020 0:52,10,7.8,5.6,86,7,340,0
3/26/2020 1:00,9.94,7.8,5.6,86,7,340,0
3/26/2020 1:47,10,7.8,3.9,76,6,30,0
3/26/2020 1:52,10,7.8,3.9,77,6,40,0
3/26/2020 2:08,10,7.8,3.9,77,6,40,0
3/26/2020 2:52,10,7.8,4.4,79,0,0,0
3/26/2020 3:13,10,7.8,5,83,0,0,0
3/26/2020 3:52,10,7.8,5,83,3,230,0
3/26/2020 4:00,9.94,7.8,5,83,3,230,0
3/26/2020 4:52,7,7.8,5.6,86,6,260,0
3/26/2020 5:52,7,7.8,5.6,86,0,0,0
3/26/2020 6:36,6,7.8,5,83,3,120,0
3/26/2020 6:52,6,7.8,5.6,86,3,140,0
3/26/2020 7:00,5.59,7.8,5.6,86,3,140,0
3/26/2020 7:52,7,9.4,5.6,77,5,230,0
3/26/2020 8:29,10,9.4,4.4,71,7,220,0
3/26/2020 8:52,10,10.6,5.6,71,6,160,0
3/26/2020 9:52,10,10.6,5,69,8,220,0
3/26/2020 10:00,9.94,10.6,5,69,8,220,0
3/26/2020 10:52,10,11.1,5.6,69,8,170,0
3/26/2020 11:50,10,12.2,6.1,67,13,170,0
3/26/2020 11:52,10,12.2,6.7,69,11,160,0
3/26/2020 12:52,10,13.3,6.7,65,14,170,0
3/26/2020 13:00,9.94,13.3,6.7,65,14,170,0
3/26/2020 13:52,10,13.9,6.1,60,11,180,0
3/26/2020 14:52,10,14.4,7.2,62,10,190,0
3/26/2020 15:52,10,14.4,6.7,60,11,170,0
3/26/2020 16:00,9.94,14.4,6.7,60,11,170,0
3/26/2020 16:52,10,14.4,7.2,62,13,180,0
3/26/2020 17:52,10,13.3,7.2,67,11,180,0
3/26/2020 18:52,10,12.8,7.2,69,11,160,0
3/26/2020 19:00,9.94,12.8,7.2,69,11,160,0
3/26/2020 19:52,10,12.2,7.8,75,10,180,0
3/26/2020 20:52,10,12.2,8.3,77,11,170,0
3/26/2020 21:52,10,11.7,8.3,80,10,180,0
3/26/2020 22:00,9.94,11.7,8.3,80,10,180,0
3/26/2020 22:52,10,12.2,7.2,72,9,190,0
3/26/2020 23:52,10,12.2,7.8,75,11,200,0
3/27/2020 0:52,10,11.7,7.8,77,3,200,0
3/27/2020 1:00,9.94,11.7,7.8,77,3,200,0
3/27/2020 1:52,10,11.7,8.3,80,5,190,0
3/27/2020 2:52,10,11.7,8.9,83,5,190,0
3/27/2020 3:52,10,11.7,8.9,83,3,180,0
3/27/2020 4:00,9.94,11.7,8.9,83,3,180,0
3/27/2020 4:52,10,11.7,8.9,83,0,0,0
3/27/2020 5:52,10,11.1,8.3,83,5,210,0
3/27/2020 6:52,10,12.2,8.9,80,0,0,0
3/27/2020 7:00,9.94,12.2,8.9,80,0,0,0
3/27/2020 7:52,10,13.9,9.4,74,7,330,0
3/27/2020 8:52,10,16.1,9.4,65,7,360,0
3/27/2020 9:52,10,17.2,9.4,60,6,40,0
3/27/2020 10:00,9.94,17.2,9.4,60,6,40,0
3/27/2020 10:52,10,18.3,9.4,56,6,360,0
3/27/2020 11:52,10,20,10,53,8,30,0
3/27/2020 12:52,10,20,9.4,51,8,350,0
3/27/2020 13:00,9.94,20,9.4,51,8,350,0
3/27/2020 13:52,10,20.6,8.9,47,5,20,0
3/27/2020 14:52,10,18.9,8.9,52,10,360,0
3/27/2020 15:52,10,18.9,8.9,52,8,350,0
3/27/2020 16:00,9.94,18.9,8.9,52,8,350,0
3/27/2020 16:52,10,18.9,10,56,3,50,0
3/27/2020 17:52,10,18.3,8.3,52,0,0,0
3/27/2020 18:52,10,16.7,10,65,10,130,0
3/27/2020 19:00,9.94,16.7,10,65,10,130,0
3/27/2020 19:52,10,16.1,9.4,65,5,180,0
3/27/2020 20:52,10,15,9.4,69,7,180,0
3/27/2020 21:52,10,15.6,9.4,67,0,0,0
3/27/2020 22:00,9.94,15.6,9.4,67,0,0,0
3/27/2020 22:52,10,15,9.4,69,3,180,0
3/27/2020 23:52,10,13.9,11.1,83,0,0,0.01
3/28/2020 0:52,10,14.4,11.7,84,3,340,0
3/28/2020 1:00,9.94,14.4,11.7,84,3,340,0
3/28/2020 1:16,6,13.9,12.2,90,3,260,0
3/28/2020 1:35,10,13.9,11.7,87,0,0,0.06
3/28/2020 1:52,9,13.3,11.7,90,0,0,0.07
3/28/2020 1:57,10,13.3,11.7,90,3,340,0
3/28/2020 2:08,3,13.3,11.7,90,3,200,0.03
3/28/2020 2:28,7,12.8,12.2,96,5,180,0.1
3/28/2020 2:52,10,12.8,11.7,93,5,170,0.1
3/28/2020 3:52,10,12.8,11.1,90,0,0,0.01
3/28/2020 4:00,9.94,12.8,11.1,90,0,0,0
3/28/2020 4:52,4,12.8,11.7,93,7,60,0.09
3/28/2020 5:52,4,12.8,12.2,96,6,40,0.02
3/28/2020 6:11,2.5,12.8,12.2,96,5,80,0.01
3/28/2020 6:22,3,12.8,12.2,96,3,110,0.02
3/28/2020 6:24,3,12.8,12.2,96,3,120,0.02
3/28/2020 6:52,6,12.8,11.7,93,5,90,0.02
3/28/2020 6:55,7,12.8,11.7,93,5,100,0
3/28/2020 7:00,5.59,12.8,11.7,93,5,90,0
3/28/2020 7:17,5,12.8,11.7,93,6,10,0.02
3/28/2020 7:24,2.5,12.2,11.7,97,7,50,0.08
3/28/2020 7:28,1.75,12.2,11.7,97,11,90,0.12
3/28/2020 7:35,2.5,12.2,11.1,93,13,110,0.15
3/28/2020 7:38,4,12.2,11.1,93,13,110,0.15
3/28/2020 7:46,8,12.2,11.1,94,9,120,0.15
3/28/2020 7:52,10,12.2,11.1,93,10,110,0.15
3/28/2020 8:29,10,13.3,11.7,90,9,50,0
3/28/2020 8:32,10,13.3,11.7,90,8,60,0
3/28/2020 8:36,10,13.3,11.7,90,7,70,0
3/28/2020 8:52,10,13.3,11.1,87,11,90,0
3/28/2020 9:25,10,12.8,11.1,90,9,80,0
3/28/2020 9:52,10,13.3,11.7,90,7,110,0
3/28/2020 10:00,9.94,13.3,11.7,90,7,110,0
3/28/2020 10:52,10,13.3,11.1,87,5,160,0
3/28/2020 11:18,5,13.3,11.7,90,5,100,0
3/28/2020 11:38,9,13.3,11.7,90,6,100,0
3/28/2020 11:52,10,13.3,11.7,90,6,110,0
3/28/2020 12:52,10,13.9,12.2,90,3,100,0
3/28/2020 13:00,9.94,13.9,12.2,90,3,100,0
3/28/2020 13:06,10,13.9,12.2,90,3,100,0
3/28/2020 13:25,10,13.9,12.2,90,7,100,0
3/28/2020 13:52,10,14.4,12.2,87,7,100,0
3/28/2020 14:52,10,14.4,12.2,87,8,90,0
3/28/2020 15:52,10,15,12.2,83,7,80,0
3/28/2020 16:00,9.94,15,12.2,83,7,80,0
3/28/2020 16:20,10,15,11.7,81,9,80,0
3/28/2020 16:52,10,15,11.7,81,8,80,0
3/28/2020 17:31,10,12.8,11.7,93,11,40,0
3/28/2020 17:40,9,12.8,11.7,93,14,50,0
3/28/2020 17:44,8,12.8,11.7,93,13,50,0
3/28/2020 17:52,7,12.2,11.1,93,13,50,0
3/28/2020 18:52,10,12.2,11.1,93,8,50,0
3/28/2020 19:00,9.94,12.2,11.1,93,8,50,0
3/28/2020 19:52,6,11.1,10.6,97,17,10,0
3/28/2020 20:23,10,11.1,10,93,11,30,0
3/28/2020 20:34,10,11.1,10,93,14,20,0
3/28/2020 20:52,10,11.1,10,93,13,40,0
3/28/2020 21:52,9,11.1,10,93,9,60,0
3/28/2020 22:00,8.7,11.1,10,93,9,60,0
3/28/2020 22:52,8,11.1,10,93,7,60,0
3/28/2020 23:52,7,10.6,10,96,3,360,0
3/29/2020 0:52,7,11.1,10,93,3,50,0
3/29/2020 1:00,6.84,11.1,10,93,3,50,0
3/29/2020 1:52,6,11.1,10,93,7,10,0
3/29/2020 2:36,8,10.6,9.4,92,10,40,0
3/29/2020 2:50,10,11.1,8.9,88,10,30,0
3/29/2020 2:52,10,10.6,9.4,92,9,30,0
3/29/2020 3:28,7,10.6,10,96,8,60,0
3/29/2020 3:52,7,10.6,10,96,6,50,0
3/29/2020 4:00,6.84,10.6,10,96,6,50,0
3/29/2020 4:52,4,10.6,10,96,5,70,0
3/29/2020 5:52,3,11.1,10,93,0,0,0
3/29/2020 6:13,1.75,10.6,10,96,0,0,0
3/29/2020 6:52,1.75,11.1,10.6,97,5,40,0
3/29/2020 7:00,2.5,11.1,10.6,97,5,40,0
3/29/2020 7:04,3,11.1,10.6,97,3,60,0
3/29/2020 7:52,5,11.1,10.6,97,3,60,0
3/29/2020 8:52,6,11.7,10.6,93,0,0,0
3/29/2020 9:52,8,11.7,10.6,93,0,0,0
3/29/2020 10:00,7.46,11.7,10.6,93,0,0,0
3/29/2020 10:52,9,12.2,11.1,93,6,170,0
3/29/2020 11:52,10,13.9,11.7,87,11,110,0
3/29/2020 12:50,10,13.9,12.2,88,8,190,0
3/29/2020 12:52,10,14.4,12.2,87,9,190,0
3/29/2020 13:00,9.94,14.4,12.2,87,9,190,0
3/29/2020 13:04,10,14.4,12.2,87,7,180,0
3/29/2020 13:52,10,15.6,12.8,84,6,170,0
3/29/2020 14:04,10,16.7,13.3,80,6,160,0
3/29/2020 14:52,10,17.8,13.3,75,8,170,0
3/29/2020 15:52,10,19.4,13.9,71,7,170,0
3/29/2020 16:00,9.94,19.4,13.9,71,7,170,0
3/29/2020 16:52,10,21.1,14.4,66,0,0,0
3/29/2020 17:52,10,18.9,14.4,75,0,0,0
3/29/2020 18:52,10,17.8,13.3,75,15,50,0
3/29/2020 19:00,9.94,17.8,13.3,75,15,50,0
3/29/2020 19:52,10,15.6,12.2,80,14,30,0
3/29/2020 20:52,10,13.3,11.7,90,8,50,0
3/29/2020 21:52,9,12.8,11.7,93,6,30,0
3/29/2020 22:00,8.7,12.8,11.7,93,6,30,0
3/29/2020 22:45,7,12.8,11.7,93,7,50,0
3/29/2020 22:52,7,12.8,11.7,93,6,40,0
3/29/2020 23:01,6,12.8,11.7,93,6,50,0
3/29/2020 23:36,2.5,12.2,12.2,100,8,50,0
3/29/2020 23:41,1.5,12.2,12.2,100,7,50,0
3/29/2020 23:49,0.5,12.8,12.2,94,8,60,0
3/29/2020 23:52,0.5,12.2,12.2,100,8,60,0
3/29/2020 23:53,0.25,12.2,12.2,100,8,60,0
3/30/2020 0:11,0.25,12.2,12.2,100,5,40,0
3/30/2020 0:13,0.12,12.2,12.2,100,6,40,0
3/30/2020 0:29,0.25,12.2,12.2,100,7,40,0
3/30/2020 0:45,0.12,12.2,12.2,100,7,60,0
3/30/2020 0:48,0.12,12.2,12.2,100,7,50,0
3/30/2020 0:52,0.12,12.2,12.2,100,6,50,0
3/30/2020 1:00,0.12,12.2,12.2,100,6,50,0
3/30/2020 1:10,0.12,12.2,12.2,100,6,40,0
3/30/2020 1:18,0.25,12.2,12.2,100,5,40,0
3/30/2020 1:22,0.5,12.2,12.2,100,5,10,0
3/30/2020 1:52,0.5,12.2,12.2,100,5,80,0
3/30/2020 2:23,1.5,12.2,12.2,100,5,60,0
3/30/2020 2:48,4,12.2,12.2,100,7,60,0
3/30/2020 2:52,4,12.2,11.7,97,8,50,0
3/30/2020 3:20,8,12.2,11.7,97,6,50,0
3/30/2020 3:52,7,12.2,11.7,97,8,40,0
3/30/2020 4:00,6.84,12.2,11.7,97,8,40,0
3/30/2020 4:11,8,12.2,11.1,93,6,50,0
3/30/2020 4:52,8,12.8,11.7,93,3,60,0
3/30/2020 5:14,6,12.8,11.1,90,6,110,0
3/30/2020 5:52,10,12.2,10.6,90,5,110,0
3/30/2020 6:52,9,12.2,10.6,90,5,170,0
3/30/2020 7:00,8.7,12.2,10.6,90,5,170,0
3/30/2020 7:52,9,12.8,10.6,87,8,170,0
3/30/2020 8:50,10,13.9,11.1,82,10,170,0
3/30/2020 8:52,10,13.9,11.1,83,11,170,0
3/30/2020 9:52,10,15,11.1,78,10,170,0
3/30/2020 10:00,9.94,15,11.1,78,10,170,0
3/30/2020 10:52,10,17.2,11.7,70,13,180,0
3/30/2020 11:52,10,20,6.7,42,16,190,0
3/30/2020 12:52,10,20.6,6.7,41,11,170,0
3/30/2020 13:00,9.94,20.6,6.7,41,11,170,0
3/30/2020 13:52,10,22.2,5.6,34,7,160,0
3/30/2020 14:52,10,23.9,0,21,11,300,0
3/30/2020 15:52,10,21.7,1.7,27,21,340,0
3/30/2020 16:00,9.94,21.7,1.7,27,21,340,0
3/30/2020 16:52,10,20,3.9,35,21,360,0
3/30/2020 17:52,10,17.8,3.9,40,11,20,0
3/30/2020 18:52,10,16.7,2.8,40,13,10,0
3/30/2020 19:00,9.94,16.7,2.8,40,13,10,0
3/30/2020 19:52,10,16.1,2.8,41,17,10,0
3/30/2020 20:52,10,14.4,2.8,46,13,350,0
3/30/2020 21:52,10,13.9,2.2,45,10,360,0
3/30/2020 22:00,9.94,13.9,2.2,45,10,360,0
3/30/2020 22:52,10,13.3,2.2,47,16,350,0
3/30/2020 23:52,10,12.8,1.7,47,14,330,0
3/31/2020 0:52,10,11.1,2.8,57,13,10,0
3/31/2020 1:00,9.94,11.1,2.8,57,13,10,0
3/31/2020 1:52,10,11.1,2.2,55,13,340,0
3/31/2020 2:52,10,10.6,2.2,56,15,340,0
3/31/2020 3:52,10,10.6,2.8,59,8,340,0
3/31/2020 4:00,9.94,10.6,2.8,59,8,340,0
3/31/2020 4:52,10,11.1,2.8,57,10,320,0
3/31/2020 5:52,10,10.6,3.3,61,9,330,0
3/31/2020 6:52,10,10.6,3.3,61,9,350,0
3/31/2020 7:00,9.94,10.6,3.3,61,9,350,0
3/31/2020 7:52,10,11.1,3.3,59,8,10,0
3/31/2020 8:52,10,11.1,3.9,61,10,60,0
3/31/2020 9:52,10,11.7,3.9,59,7,50,0
3/31/2020 10:00,9.94,11.7,3.9,59,7,50,0
3/31/2020 10:52,10,12.8,3.9,55,8,40,0
3/31/2020 11:52,10,12.8,3.9,55,5,40,0
3/31/2020 12:52,10,12.8,3.3,53,7,90,0
3/31/2020 13:00,9.94,12.8,3.3,53,7,90,0
3/31/2020 13:52,10,12.2,5,62,6,100,0
3/31/2020 14:52,10,12.2,5,62,14,90,0
3/31/2020 15:52,10,10.6,7.2,80,16,80,0
3/31/2020 16:00,9.94,10.6,7.2,80,16,80,0
3/31/2020 16:17,10,10,7.2,83,14,90,0
3/31/2020 16:50,9,8.9,7.2,87,14,100,0
3/31/2020 16:52,7,9.4,7.2,86,14,90,0
3/31/2020 17:08,9,9.4,7.2,86,14,90,0
3/31/2020 17:11,8,8.9,7.2,89,13,110,0
3/31/2020 17:21,5,8.9,7.2,89,11,100,0.01
3/31/2020 17:25,4,8.9,7.2,89,10,90,0.01
3/31/2020 17:52,8,8.3,6.7,90,11,90,0.01
3/31/2020 17:58,7,8.3,6.7,90,9,90,0
3/31/2020 18:01,7,8.3,7.2,93,10,90,0
3/31/2020 18:28,7,8.3,6.7,90,13,70,0.01
3/31/2020 18:31,7,8.3,6.7,90,10,80,0.01
3/31/2020 18:44,10,7.8,6.7,93,9,70,0.01
3/31/2020 18:52,8,7.8,6.7,93,9,70,0.04
3/31/2020 18:54,8,7.8,6.1,89,7,90,0.01
3/31/2020 19:00,7.46,7.8,6.7,93,9,70,0
3/31/2020 19:16,8,7.8,6.1,89,8,80,0.04
3/31/2020 19:33,9,7.8,6.1,89,13,60,0.04
3/31/2020 19:52,10,7.8,6.1,89,11,60,0.03
3/31/2020 20:01,10,7.8,6.1,89,9,50,0
3/31/2020 20:52,10,7.8,5.6,86,13,60,0.02
3/31/2020 21:26,10,7.2,5.6,90,14,60,0
3/31/2020 21:31,10,7.2,5.6,90,11,50,0
3/31/2020 21:52,10,7.2,5.6,90,14,70,0.01
3/31/2020 22:00,9.94,7.2,5.6,90,14,70,0
3/31/2020 22:19,10,7.2,5,86,14,60,0
3/31/2020 22:37,10,6.7,5,89,11,60,0.01
3/31/2020 22:52,10,6.7,4.4,85,14,70,0.01
3/31/2020 23:50,10,7.2,3.9,81,18,50,0
3/31/2020 23:52,10,6.7,3.9,83,18,60,0
